Date,Year,Month,total evapotranspiration (kg m-2 s-1),specific humidity (kg kg-1),surface runoff (kg m-2 s-1),subsurface runoff (kg m-2 s-1),rainfall flux (kg m-2 s-1),soil moisture content 0 - 10 cm underground (m^3 m-3),soil moisture content 10 - 40 cm underground (m^3 m-3),soil moisture content 40 - 100 cm underground (m^3 m-3),soil moisture content 100 - 200 cm underground (m^3 m-3),surface air temperature (K)
1/1/1982,1982,1,2.62E-05,0.011065496,8.13E-08,9.96E-08,7.68E-06,0.245310385,0.245845958,0.230031245,0.34428018,292.957875
2/1/1982,1982,2,1.45E-05,0.00952024,5.34E-08,5.47E-08,4.42E-06,0.194400026,0.208418707,0.203742603,0.339657711,294.2688047
3/1/1982,1982,3,1.15E-05,0.009904129,2.84E-07,4.18E-08,1.25E-05,0.189579412,0.191200308,0.189158287,0.336075129,294.5163616
4/1/1982,1982,4,4.47E-05,0.012477515,8.24E-06,2.25E-07,9.41E-05,0.322629569,0.293312569,0.214132407,0.335628837,292.9050661
5/1/1982,1982,5,4.30E-05,0.012241517,6.57E-06,1.20E-06,5.48E-05,0.316430754,0.318749899,0.276301891,0.349352902,292.2265435
6/1/1982,1982,6,2.58E-05,0.010929136,4.38E-07,8.32E-07,8.23E-06,0.257543045,0.28355995,0.2640692,0.354258281,291.9600362
7/1/1982,1982,7,1.51E-05,0.010216949,2.47E-07,1.59E-07,6.88E-06,0.222766633,0.250535821,0.2406908,0.348373086,291.1961876
8/1/1982,1982,8,1.15E-05,0.009776155,4.09E-07,1.14E-07,9.13E-06,0.220698539,0.240721192,0.230761957,0.345185133,291.1757657
9/1/1982,1982,9,9.96E-06,0.009905276,2.44E-07,6.70E-08,8.03E-06,0.202732037,0.23475137,0.224630968,0.3423489,292.2321378
10/1/1982,1982,10,3.02E-05,0.011686001,1.09E-05,9.93E-07,8.18E-05,0.290730861,0.290558143,0.255771223,0.347003945,292.244678
11/1/1982,1982,11,3.95E-05,0.012531797,1.55E-05,1.60E-06,9.24E-05,0.329167987,0.349438894,0.322325218,0.360235076,292.3638113
12/1/1982,1982,12,5.51E-05,0.011925412,7.24E-06,3.29E-06,4.79E-05,0.366129247,0.373811211,0.372636485,0.387053102,292.4667289
1/1/1983,1983,1,3.81E-05,0.010595121,5.96E-08,2.34E-07,5.44E-06,0.260291323,0.297039678,0.307745495,0.368240541,293.4719131
2/1/1983,1983,2,2.54E-05,0.011138744,1.08E-06,1.78E-07,1.72E-05,0.242926046,0.262527038,0.260125596,0.358250369,294.2594617
3/1/1983,1983,3,1.96E-05,0.010862114,4.13E-07,1.02E-07,1.03E-05,0.211701252,0.241289544,0.236758694,0.353622373,295.060033
4/1/1983,1983,4,3.21E-05,0.011515012,6.36E-06,2.08E-07,6.57E-05,0.262425576,0.245833375,0.22009343,0.350291761,294.3779919
5/1/1983,1983,5,4.16E-05,0.011961604,7.92E-06,8.00E-07,4.38E-05,0.300558845,0.304006834,0.261456717,0.362608721,292.941137
6/1/1983,1983,6,2.22E-05,0.011156822,6.06E-07,4.19E-07,1.03E-05,0.247581409,0.260716597,0.242817971,0.361914097,292.3631512
7/1/1983,1983,7,1.53E-05,0.010114663,2.24E-07,1.95E-07,9.09E-06,0.22721411,0.239803935,0.226119927,0.357459793,291.6847736
8/1/1983,1983,8,1.14E-05,0.010082994,3.50E-07,1.36E-07,1.10E-05,0.218212996,0.232723167,0.218109137,0.353937143,292.1277002
9/1/1983,1983,9,9.71E-06,0.009447154,1.06E-07,1.20E-07,5.22E-06,0.201674162,0.229737496,0.215700742,0.351548168,292.4344015
10/1/1983,1983,10,1.68E-05,0.010425064,8.88E-07,1.12E-07,2.42E-05,0.233742371,0.233709971,0.213617766,0.349667466,293.0166849
11/1/1983,1983,11,3.61E-05,0.011322375,1.72E-06,2.72E-07,4.55E-05,0.298123694,0.274221768,0.220664964,0.351019216,292.8422404
12/1/1983,1983,12,3.57E-05,0.011460107,5.64E-06,3.44E-07,5.15E-05,0.288421672,0.291020029,0.235265849,0.351783096,292.7092751
1/1/1984,1984,1,2.86E-05,0.009307269,1.16E-07,1.86E-07,5.45E-06,0.243992131,0.263326981,0.236539143,0.349982298,293.5315113
2/1/1984,1984,2,1.40E-05,0.008018371,9.67E-09,7.18E-08,2.15E-06,0.18415362,0.212443163,0.205631085,0.344791549,294.0820207
3/1/1984,1984,3,1.09E-05,0.010064092,1.15E-07,5.38E-08,8.43E-06,0.185146922,0.192246265,0.18960022,0.341076366,294.1152255
4/1/1984,1984,4,2.91E-05,0.011872226,2.27E-06,9.32E-08,5.18E-05,0.25892768,0.215623468,0.184303305,0.338939362,293.9814171
5/1/1984,1984,5,2.70E-05,0.010983473,3.29E-07,1.57E-07,1.34E-05,0.248201802,0.254743708,0.201973267,0.34030229,292.590393
6/1/1984,1984,6,1.23E-05,0.009754309,4.61E-08,8.09E-08,3.90E-06,0.203532564,0.208144678,0.186711925,0.338518514,291.6953226
7/1/1984,1984,7,8.14E-06,0.009667247,2.01E-07,5.42E-08,8.95E-06,0.19235864,0.193721615,0.177797998,0.336523432,290.9336841
8/1/1984,1984,8,7.07E-06,0.009360334,5.19E-08,5.12E-08,5.31E-06,0.197278657,0.197428115,0.176382174,0.335674662,291.3214977
9/1/1984,1984,9,7.88E-06,0.008987715,2.49E-07,5.96E-08,7.31E-06,0.202596341,0.198877881,0.175992263,0.335240093,292.1431963
10/1/1984,1984,10,2.56E-05,0.010810614,4.40E-06,2.90E-07,5.60E-05,0.276628924,0.251262808,0.191558819,0.33751498,291.9657371
11/1/1984,1984,11,4.53E-05,0.012411053,1.22E-05,9.73E-07,0.000102506,0.342139224,0.337550859,0.27986768,0.350349123,291.7397289
12/1/1984,1984,12,4.50E-05,0.011460248,4.75E-06,1.05E-06,3.30E-05,0.326758644,0.337290828,0.318681621,0.360717516,292.0247051
1/1/1985,1985,1,2.98E-05,0.010633137,1.40E-07,1.28E-07,6.56E-06,0.235484327,0.264598769,0.265367901,0.350923405,292.7173289
2/1/1985,1985,2,2.49E-05,0.009890988,9.02E-07,1.52E-07,2.09E-05,0.250592842,0.254980052,0.234034543,0.346209403,294.0810236
3/1/1985,1985,3,2.46E-05,0.011291861,3.23E-06,1.18E-07,4.76E-05,0.242296688,0.245508764,0.217761309,0.343502923,293.4145735
4/1/1985,1985,4,5.43E-05,0.012265268,1.09E-05,2.79E-06,9.72E-05,0.355182475,0.354288682,0.303532863,0.360835063,292.8487114
5/1/1985,1985,5,4.52E-05,0.011556046,7.27E-06,1.73E-06,4.17E-05,0.315770254,0.329822422,0.319868223,0.370010406,291.9703147
6/1/1985,1985,6,2.59E-05,0.010117512,5.39E-07,5.64E-07,8.14E-06,0.254564259,0.286552953,0.282431495,0.362693376,291.2162138
7/1/1985,1985,7,1.65E-05,0.009581731,6.41E-07,1.84E-07,1.02E-05,0.233357595,0.260845486,0.256240888,0.35595213,290.5627751
8/1/1985,1985,8,1.25E-05,0.008966778,3.58E-07,1.92E-07,7.46E-06,0.219850115,0.250682597,0.246064972,0.353020583,290.7883723
9/1/1985,1985,9,9.22E-06,0.00945819,1.31E-07,6.88E-08,5.48E-06,0.197481017,0.238621638,0.237023023,0.349041265,291.93821
10/1/1985,1985,10,1.94E-05,0.009992892,9.14E-07,6.26E-08,2.79E-05,0.239912515,0.24091022,0.232014711,0.34615368,292.2985928
11/1/1985,1985,11,3.64E-05,0.011661004,5.88E-06,3.52E-07,6.13E-05,0.305642756,0.306230706,0.255902662,0.348915596,292.1840369
12/1/1985,1985,12,3.88E-05,0.011503651,2.06E-06,3.43E-07,2.32E-05,0.28864046,0.299369162,0.272009984,0.350656631,292.3150753
1/1/1986,1986,1,2.39E-05,0.00961808,1.03E-07,1.06E-07,5.36E-06,0.218775917,0.234127364,0.226563604,0.34413369,293.4192407
2/1/1986,1986,2,1.22E-05,0.008624264,2.47E-08,5.51E-08,2.59E-06,0.180346221,0.198655092,0.197031917,0.339177035,294.2268903
3/1/1986,1986,3,1.92E-05,0.010782637,1.61E-06,8.16E-08,2.46E-05,0.23087037,0.228224571,0.188336115,0.336439707,294.0203217
4/1/1986,1986,4,4.21E-05,0.01221913,7.14E-06,3.24E-07,0.000104251,0.306161504,0.288240652,0.207302243,0.337136126,293.18421
5/1/1986,1986,5,4.45E-05,0.012279005,1.05E-05,2.39E-06,4.85E-05,0.323902003,0.337439635,0.320823594,0.365146227,292.2282589
6/1/1986,1986,6,2.46E-05,0.010289225,6.64E-07,4.30E-07,1.43E-05,0.259992549,0.283326748,0.279041618,0.357834957,291.1560976
7/1/1986,1986,7,1.57E-05,0.009295747,3.20E-07,2.63E-07,6.27E-06,0.228099852,0.260515513,0.257261397,0.353248925,290.6428394
8/1/1986,1986,8,1.14E-05,0.008955671,2.36E-07,1.18E-07,5.86E-06,0.211748789,0.245432434,0.243023859,0.348820163,290.9953294
9/1/1986,1986,9,8.97E-06,0.00920403,3.11E-07,6.57E-08,6.40E-06,0.19688688,0.237521717,0.235150125,0.345484437,291.5593337
10/1/1986,1986,10,1.41E-05,0.010456159,2.44E-06,5.16E-08,2.51E-05,0.212751058,0.236865773,0.229673657,0.34289558,292.8602745
11/1/1986,1986,11,4.11E-05,0.011843621,5.55E-06,2.60E-07,7.45E-05,0.31723508,0.308491465,0.252399458,0.344690647,292.6034695
12/1/1986,1986,12,4.55E-05,0.012130245,5.61E-06,9.49E-07,4.85E-05,0.340737155,0.3460075,0.324593877,0.360438784,292.1419327
1/1/1987,1987,1,3.38E-05,0.010368174,5.43E-07,1.97E-07,1.09E-05,0.256758665,0.281217021,0.277939252,0.351969104,293.1316238
2/1/1987,1987,2,1.91E-05,0.009796399,6.44E-08,6.93E-08,4.97E-06,0.201845966,0.231056124,0.23318462,0.344650905,294.1745203
3/1/1987,1987,3,1.86E-05,0.010749786,4.25E-07,6.71E-08,1.32E-05,0.221426211,0.216732213,0.210898834,0.340311832,294.7878549
4/1/1987,1987,4,3.90E-05,0.012325867,6.17E-06,2.22E-07,6.93E-05,0.293016,0.287034203,0.230034057,0.339790151,293.6283613
5/1/1987,1987,5,3.60E-05,0.012037187,5.85E-06,2.47E-07,3.69E-05,0.280604125,0.291489197,0.253835198,0.346474056,292.7540697
6/1/1987,1987,6,2.17E-05,0.010708826,1.18E-06,4.84E-07,2.03E-05,0.255916958,0.266649055,0.239359153,0.348850674,291.6551898
7/1/1987,1987,7,1.42E-05,0.009821791,9.85E-08,1.73E-07,6.04E-06,0.219841867,0.239854751,0.224293307,0.346361145,291.1408929
8/1/1987,1987,8,1.24E-05,0.009894195,2.39E-07,6.71E-08,1.13E-05,0.22017913,0.225729201,0.213375964,0.342632734,291.2158725
9/1/1987,1987,9,6.98E-06,0.009841382,3.72E-08,5.09E-08,2.53E-06,0.188176146,0.218874132,0.208220318,0.340451948,292.708254
10/1/1987,1987,10,1.29E-05,0.009846603,2.45E-07,4.57E-08,1.17E-05,0.219258342,0.21394603,0.20320846,0.338043166,293.5694473
11/1/1987,1987,11,3.07E-05,0.011509015,5.31E-06,2.53E-07,5.66E-05,0.276668032,0.287891591,0.236272193,0.341820813,293.0646027
12/1/1987,1987,12,2.91E-05,0.010973634,2.23E-07,9.95E-08,1.10E-05,0.235995032,0.247027088,0.223628302,0.340713051,293.6089079
1/1/1988,1988,1,2.20E-05,0.010715853,4.86E-07,7.75E-08,1.63E-05,0.228693004,0.211986288,0.194719486,0.336169683,294.1025395
2/1/1988,1988,2,1.21E-05,0.00989514,7.25E-08,7.15E-08,5.95E-06,0.193931312,0.192816344,0.180681117,0.332964431,294.6285829
3/1/1988,1988,3,2.11E-05,0.011308692,1.48E-06,2.08E-07,4.42E-05,0.245637874,0.216850032,0.178993793,0.33080267,295.1020299
4/1/1988,1988,4,4.60E-05,0.012975253,1.23E-05,1.16E-06,0.000116978,0.329616066,0.32643467,0.247448563,0.335973037,293.9032785
5/1/1988,1988,5,4.41E-05,0.011694853,3.68E-06,2.47E-06,2.71E-05,0.317287043,0.330104034,0.318538221,0.36746247,292.5775266
6/1/1988,1988,6,2.62E-05,0.010787918,1.12E-06,5.36E-07,1.05E-05,0.257331982,0.278667078,0.276015404,0.359034181,291.7853928
7/1/1988,1988,7,1.74E-05,0.009623146,4.09E-07,1.80E-07,9.71E-06,0.230614169,0.251227984,0.248778641,0.352770217,291.4110824
8/1/1988,1988,8,1.32E-05,0.00988311,7.42E-07,1.65E-07,1.09E-05,0.224706417,0.243867438,0.237191337,0.349089462,291.6608481
9/1/1988,1988,9,1.11E-05,0.009742376,7.74E-07,9.09E-08,9.38E-06,0.211514749,0.236418349,0.230412953,0.346053543,292.2089196
10/1/1988,1988,10,1.92E-05,0.010327952,1.49E-06,1.11E-07,2.81E-05,0.24197498,0.24214857,0.228131828,0.34492596,293.0789317
11/1/1988,1988,11,4.60E-05,0.012057887,5.87E-06,1.08E-06,8.17E-05,0.341438024,0.331138594,0.279626275,0.35148782,291.9352032
12/1/1988,1988,12,4.14E-05,0.011855214,4.90E-06,6.01E-07,5.22E-05,0.306332047,0.318989639,0.29807938,0.354592329,291.7796599
1/1/1989,1989,1,3.91E-05,0.010588141,1.45E-06,5.18E-07,2.31E-05,0.305389284,0.315472874,0.297687522,0.354159341,292.5989047
2/1/1989,1989,2,2.66E-05,0.010176955,5.26E-07,1.73E-07,1.12E-05,0.248560048,0.279568884,0.268298263,0.347835668,292.9069234
3/1/1989,1989,3,2.51E-05,0.010619819,1.99E-06,1.31E-07,3.13E-05,0.241986654,0.266551277,0.244210036,0.34304993,293.6145013
4/1/1989,1989,4,4.72E-05,0.012179507,8.15E-06,9.57E-07,8.36E-05,0.330654667,0.333427905,0.294330196,0.353183815,292.454008
5/1/1989,1989,5,4.17E-05,0.011968088,5.32E-06,1.62E-06,4.03E-05,0.316983099,0.32799635,0.306445657,0.359632972,291.9805709
6/1/1989,1989,6,2.44E-05,0.010050017,2.13E-07,3.41E-07,5.01E-06,0.247615567,0.278220364,0.274454888,0.35487552,291.082297
7/1/1989,1989,7,1.56E-05,0.009703336,6.80E-07,1.42E-07,1.04E-05,0.228325522,0.25268808,0.247802525,0.348168477,290.8064099
8/1/1989,1989,8,9.70E-06,0.009544966,4.09E-07,7.67E-08,8.14E-06,0.208964475,0.239424154,0.23544102,0.344204256,290.6423737
9/1/1989,1989,9,1.20E-05,0.010171582,5.89E-07,9.90E-08,1.07E-05,0.218895845,0.241645653,0.232504061,0.342444689,292.0208406
10/1/1989,1989,10,1.96E-05,0.010701028,6.45E-06,2.29E-07,3.92E-05,0.255033872,0.254325913,0.235438933,0.342853414,292.3293255
11/1/1989,1989,11,4.01E-05,0.012439783,9.69E-06,9.09E-07,7.91E-05,0.330819362,0.326668962,0.277433862,0.34869334,292.2380787
12/1/1989,1989,12,4.60E-05,0.012254545,3.52E-06,1.36E-06,4.48E-05,0.332451714,0.339234099,0.323583245,0.360361549,292.3461654
1/1/1990,1990,1,3.69E-05,0.010900928,1.81E-06,7.01E-07,2.03E-05,0.281953995,0.306630882,0.297119355,0.357281014,292.7082454
2/1/1990,1990,2,2.70E-05,0.011372535,1.29E-06,1.05E-07,2.69E-05,0.250798108,0.261311234,0.254101633,0.348751774,294.128371
3/1/1990,1990,3,4.40E-05,0.012638124,6.10E-06,7.68E-07,7.10E-05,0.328561959,0.322487913,0.278129917,0.352064157,293.3659533
4/1/1990,1990,4,5.38E-05,0.013066396,1.44E-05,5.65E-06,0.00010303,0.376081207,0.376600463,0.354211079,0.375915011,293.0865868
5/1/1990,1990,5,4.50E-05,0.012048144,7.10E-06,1.79E-06,3.28E-05,0.31850438,0.336972902,0.337669492,0.378456132,292.8597443
6/1/1990,1990,6,2.65E-05,0.010266263,1.04E-07,4.21E-07,4.64E-06,0.253095451,0.287235375,0.291433446,0.366446241,291.5386713
7/1/1990,1990,7,1.70E-05,0.009337587,2.74E-07,1.26E-07,7.41E-06,0.224972335,0.257069166,0.259449149,0.357775538,291.0216564
8/1/1990,1990,8,1.02E-05,0.009507024,1.93E-07,7.27E-08,5.35E-06,0.206744119,0.242747444,0.244165841,0.35267203,291.2410685
9/1/1990,1990,9,9.87E-06,0.009524673,1.83E-07,6.67E-08,6.28E-06,0.199123434,0.236344827,0.236323003,0.349136568,292.3431219
10/1/1990,1990,10,1.78E-05,0.010952932,6.10E-06,9.45E-08,4.71E-05,0.232994626,0.259425613,0.240397851,0.347090779,292.7329401
11/1/1990,1990,11,4.36E-05,0.012107742,7.75E-06,8.60E-07,6.58E-05,0.326211328,0.335125389,0.296517986,0.355506503,292.5266199
12/1/1990,1990,12,4.48E-05,0.011711453,8.56E-06,9.45E-07,4.84E-05,0.325990636,0.336558544,0.318200182,0.360362745,292.1473875
1/1/1991,1991,1,3.37E-05,0.01094904,5.01E-07,1.73E-07,1.06E-05,0.253923254,0.277800577,0.276964384,0.352634226,293.3247562
2/1/1991,1991,2,1.83E-05,0.009728407,3.69E-08,7.73E-08,3.60E-06,0.198968403,0.22960062,0.231669011,0.345048274,294.5011848
3/1/1991,1991,3,2.09E-05,0.010370433,2.28E-06,8.60E-08,3.38E-05,0.222327798,0.225676846,0.210264491,0.340646316,294.5947128
4/1/1991,1991,4,4.21E-05,0.011857191,7.72E-06,1.60E-07,6.59E-05,0.29495111,0.304421322,0.243121624,0.343673803,293.861144
5/1/1991,1991,5,3.83E-05,0.012416495,8.78E-06,5.14E-07,4.37E-05,0.291771949,0.298508395,0.25917732,0.348047139,293.0291053
6/1/1991,1991,6,2.25E-05,0.010457505,1.50E-06,2.55E-07,1.11E-05,0.242534606,0.26778939,0.247717373,0.350984182,292.3305566
7/1/1991,1991,7,1.44E-05,0.009817774,4.46E-07,1.01E-07,9.42E-06,0.224502877,0.242718428,0.22909384,0.346719425,290.9720478
8/1/1991,1991,8,9.43E-06,0.009623294,9.83E-07,5.82E-08,1.13E-05,0.207326698,0.22832109,0.218559029,0.343240379,291.4907296
9/1/1991,1991,9,8.55E-06,0.009164986,3.95E-07,5.70E-08,5.62E-06,0.199575154,0.231614006,0.216981316,0.341461387,292.3263163
10/1/1991,1991,10,1.65E-05,0.009960893,2.69E-06,9.65E-08,2.67E-05,0.237164421,0.247402311,0.219316637,0.340779209,293.3190642
11/1/1991,1991,11,2.83E-05,0.011616638,5.91E-06,1.49E-07,5.04E-05,0.273854897,0.280695381,0.231047894,0.342032709,292.6476727
12/1/1991,1991,12,3.92E-05,0.011131458,3.48E-06,3.26E-07,3.97E-05,0.293457069,0.303591851,0.254376991,0.343207152,292.9645914
1/1/1992,1992,1,2.54E-05,0.010348307,2.41E-08,1.18E-07,3.27E-06,0.223360902,0.253853353,0.235011917,0.340318568,293.3937648
2/1/1992,1992,2,1.77E-05,0.009330795,2.19E-07,6.60E-08,8.54E-06,0.208563194,0.214017615,0.205655479,0.335927634,294.949319
3/1/1992,1992,3,1.07E-05,0.01029483,1.36E-07,4.76E-08,7.97E-06,0.183238407,0.193442223,0.189377789,0.332647048,294.8572627
4/1/1992,1992,4,3.67E-05,0.012600866,6.17E-06,2.54E-07,7.80E-05,0.292940832,0.282162523,0.218640677,0.334225277,293.8966411
5/1/1992,1992,5,4.18E-05,0.011947454,9.23E-06,7.20E-07,5.11E-05,0.298914462,0.314552836,0.285487119,0.351071173,292.7855675
6/1/1992,1992,6,2.01E-05,0.010518828,1.13E-07,1.46E-07,5.56E-06,0.229168799,0.251170894,0.244793837,0.345396742,291.906012
7/1/1992,1992,7,1.35E-05,0.009685452,3.22E-07,7.81E-08,9.97E-06,0.21538921,0.229608075,0.223927193,0.341354968,290.9643608
8/1/1992,1992,8,9.72E-06,0.009156304,3.12E-07,8.80E-08,6.60E-06,0.214225603,0.225572222,0.216379183,0.339163927,290.7109682
9/1/1992,1992,9,7.02E-06,0.009686565,8.19E-08,5.48E-08,3.91E-06,0.195466271,0.217775076,0.211304138,0.337221955,291.5588882
10/1/1992,1992,10,1.90E-05,0.010542975,9.63E-07,7.22E-08,2.97E-05,0.248379583,0.229576532,0.210323769,0.336162797,292.4636994
11/1/1992,1992,11,3.42E-05,0.011753191,1.07E-05,2.70E-07,7.36E-05,0.3023781,0.297500312,0.241286892,0.338871514,292.1316132
12/1/1992,1992,12,4.37E-05,0.012307956,5.42E-06,8.60E-07,5.37E-05,0.329607943,0.333260275,0.294230817,0.34664689,292.1427787
1/1/1993,1993,1,4.00E-05,0.011914164,4.58E-06,7.71E-07,4.56E-05,0.318374781,0.33092642,0.305062777,0.34956238,291.9981219
2/1/1993,1993,2,3.25E-05,0.011084564,1.61E-06,3.46E-07,1.95E-05,0.273928604,0.302351907,0.288731252,0.347486545,293.0055284
3/1/1993,1993,3,2.55E-05,0.01043912,7.25E-07,1.11E-07,1.37E-05,0.239401338,0.270454103,0.26076019,0.341844726,293.9439037
4/1/1993,1993,4,3.62E-05,0.011452207,2.10E-06,1.13E-07,4.60E-05,0.268447504,0.268322962,0.239446232,0.338318441,293.6035265
5/1/1993,1993,5,3.59E-05,0.012044092,4.40E-06,5.43E-07,3.39E-05,0.281986989,0.286745161,0.250006921,0.344601994,292.9329666
6/1/1993,1993,6,1.77E-05,0.010519542,4.73E-07,1.61E-07,8.04E-06,0.228593005,0.244593703,0.227306975,0.342643633,291.6189635
7/1/1993,1993,7,1.13E-05,0.009109887,5.75E-08,6.67E-08,5.78E-06,0.206745063,0.219883282,0.210475643,0.338815404,290.7109155
8/1/1993,1993,8,8.17E-06,0.009105378,7.00E-08,4.50E-08,4.77E-06,0.200022672,0.210496808,0.202534869,0.336018586,290.8422591
9/1/1993,1993,9,6.55E-06,0.008773855,8.41E-08,3.48E-08,4.15E-06,0.185784783,0.204159549,0.197459107,0.333650385,291.7218996
10/1/1993,1993,10,1.25E-05,0.010149253,8.25E-07,3.71E-08,1.78E-05,0.218280136,0.208535271,0.195606956,0.331899061,292.6442921
11/1/1993,1993,11,3.21E-05,0.011895882,6.96E-06,1.36E-07,6.03E-05,0.289383617,0.281431946,0.213889276,0.332501539,292.6594109
12/1/1993,1993,12,3.66E-05,0.012200625,3.59E-06,3.66E-07,3.37E-05,0.289440623,0.298291065,0.257317352,0.336122134,292.571799
1/1/1994,1994,1,2.29E-05,0.010181795,8.46E-08,7.01E-08,6.12E-06,0.213692597,0.226917626,0.218444692,0.332373251,293.7524439
2/1/1994,1994,2,1.55E-05,0.00950676,4.77E-07,8.36E-08,1.18E-05,0.209379099,0.205080272,0.192804278,0.328894432,294.7106014
3/1/1994,1994,3,1.50E-05,0.010684806,6.17E-07,8.21E-08,1.72E-05,0.211036195,0.201455714,0.182425077,0.326706271,294.6226553
4/1/1994,1994,4,3.76E-05,0.011978124,5.81E-06,3.13E-07,7.44E-05,0.294004943,0.27292174,0.199926879,0.32814715,293.7149029
5/1/1994,1994,5,3.40E-05,0.011951204,2.52E-06,4.74E-07,3.35E-05,0.281779877,0.285645568,0.236673601,0.3401066,292.4565642
6/1/1994,1994,6,1.95E-05,0.010247387,5.63E-07,4.08E-07,8.07E-06,0.240787167,0.248827278,0.222379798,0.342556287,291.843724
7/1/1994,1994,7,1.44E-05,0.009654329,3.13E-07,1.41E-07,1.07E-05,0.228669319,0.230787659,0.210068377,0.339744029,291.1253429
8/1/1994,1994,8,1.12E-05,0.009587235,4.18E-07,1.06E-07,9.62E-06,0.220619068,0.223634395,0.204209504,0.337737484,291.3205443
9/1/1994,1994,9,6.77E-06,0.009750938,2.97E-08,6.74E-08,2.76E-06,0.188090457,0.217402976,0.199915621,0.33564485,291.9203205
10/1/1994,1994,10,2.57E-05,0.011129134,6.76E-06,1.44E-07,5.97E-05,0.271345061,0.263763668,0.212190806,0.3349492,292.9800626
11/1/1994,1994,11,4.37E-05,0.012924735,2.90E-05,3.56E-06,0.000125686,0.353468533,0.361644929,0.328106966,0.363597485,292.1528156
12/1/1994,1994,12,4.75E-05,0.012096391,9.42E-06,1.55E-06,4.13E-05,0.341608581,0.351621598,0.352101545,0.379373677,291.732179
1/1/1995,1995,1,3.67E-05,0.009476556,2.68E-07,2.11E-07,6.77E-06,0.255812574,0.286054986,0.291911579,0.361906357,293.1591906
2/1/1995,1995,2,2.64E-05,0.010857713,1.02E-06,1.47E-07,2.00E-05,0.240306749,0.255782515,0.247141754,0.35360728,294.1577905
3/1/1995,1995,3,2.88E-05,0.011600366,4.56E-06,2.33E-07,4.22E-05,0.269550143,0.293327584,0.25678578,0.35324301,293.5561507
4/1/1995,1995,4,3.27E-05,0.012421544,9.96E-06,1.64E-07,6.86E-05,0.25927599,0.280270446,0.244464373,0.350771093,293.6032489
5/1/1995,1995,5,4.32E-05,0.012312022,1.01E-05,1.56E-06,4.50E-05,0.314291027,0.328614275,0.29987639,0.366756681,292.6221118
6/1/1995,1995,6,2.41E-05,0.01025165,3.07E-07,3.80E-07,7.30E-06,0.244934767,0.27256413,0.266100107,0.361991311,291.8006721
7/1/1995,1995,7,1.51E-05,0.009891645,4.03E-07,2.27E-07,8.49E-06,0.226724319,0.251108106,0.244561199,0.356771023,291.2794704
8/1/1995,1995,8,1.24E-05,0.009646709,2.28E-07,1.01E-07,9.71E-06,0.217570983,0.236938842,0.232625148,0.352407411,291.3588844
9/1/1995,1995,9,1.02E-05,0.010001948,7.10E-07,1.59E-07,9.02E-06,0.213214683,0.240982418,0.230864252,0.350954974,292.1641834
10/1/1995,1995,10,1.77E-05,0.011023257,6.75E-06,2.02E-07,5.11E-05,0.23866521,0.250467729,0.232247539,0.350369707,292.6053035
11/1/1995,1995,11,3.88E-05,0.012248985,6.48E-06,9.30E-07,5.49E-05,0.3251623,0.328157721,0.282741713,0.357964492,291.9287031
12/1/1995,1995,12,3.81E-05,0.01202637,4.15E-06,6.76E-07,3.28E-05,0.300115751,0.312507824,0.283352623,0.358577439,292.0939465
1/1/1996,1996,1,2.95E-05,0.010782023,6.81E-07,1.87E-07,1.21E-05,0.253995951,0.267641167,0.254592051,0.352817131,292.9043061
2/1/1996,1996,2,2.02E-05,0.010695994,3.79E-07,1.07E-07,9.69E-06,0.223959456,0.237675337,0.225322668,0.347177378,294.1440787
3/1/1996,1996,3,2.01E-05,0.012097634,3.75E-06,1.23E-07,4.11E-05,0.232322243,0.237257467,0.209769984,0.343242681,293.9037739
4/1/1996,1996,4,3.29E-05,0.012252419,3.13E-06,2.44E-07,2.72E-05,0.278587151,0.295931787,0.247984321,0.348584982,293.2793982
5/1/1996,1996,5,2.90E-05,0.011884394,1.30E-06,1.53E-07,2.56E-05,0.253250493,0.246600849,0.224518061,0.346417533,292.642282
6/1/1996,1996,6,1.83E-05,0.010519806,1.10E-06,3.51E-07,1.74E-05,0.25296961,0.243318593,0.217971722,0.347434722,291.3311112
7/1/1996,1996,7,1.31E-05,0.009683658,1.19E-06,2.59E-07,1.22E-05,0.227634815,0.229883831,0.212818465,0.346869907,290.6504147
8/1/1996,1996,8,9.50E-06,0.009515238,6.34E-07,1.16E-07,9.53E-06,0.209404004,0.218637616,0.206723471,0.344887505,290.9585519
9/1/1996,1996,9,8.29E-06,0.009944294,2.71E-07,1.15E-07,3.83E-06,0.20425702,0.21862416,0.205006685,0.343328012,292.0503333
10/1/1996,1996,10,1.32E-05,0.009900895,3.25E-07,6.31E-08,1.35E-05,0.222326161,0.213701945,0.200853984,0.341293575,292.3878894
11/1/1996,1996,11,2.51E-05,0.011969302,8.87E-06,2.05E-07,7.21E-05,0.273866434,0.249090231,0.206390949,0.340569763,292.151385
12/1/1996,1996,12,3.99E-05,0.010813596,2.66E-06,2.37E-07,2.20E-05,0.286089676,0.299130754,0.274615096,0.34453566,292.4377349
1/1/1997,1997,1,2.26E-05,0.009723643,7.44E-08,6.64E-08,4.41E-06,0.210832213,0.226364129,0.223120868,0.339616273,293.6065
2/1/1997,1997,2,1.19E-05,0.008068069,3.36E-08,4.49E-08,3.84E-06,0.178415087,0.193810609,0.193734184,0.335374931,294.6154115
3/1/1997,1997,3,1.03E-05,0.010696191,8.48E-07,3.80E-08,1.53E-05,0.186315379,0.181037232,0.180375751,0.332420168,294.7175183
4/1/1997,1997,4,5.27E-05,0.012896704,1.72E-05,1.71E-06,0.000155146,0.362469264,0.346420742,0.278716507,0.345011222,293.1076146
5/1/1997,1997,5,4.83E-05,0.011697939,7.93E-06,3.52E-06,3.55E-05,0.331784858,0.354095168,0.358800088,0.382655397,292.1691348
6/1/1997,1997,6,2.48E-05,0.011013196,7.45E-07,1.60E-07,7.00E-06,0.236076041,0.28463042,0.295432254,0.364399688,291.8581454
7/1/1997,1997,7,1.66E-05,0.010119352,8.98E-07,1.35E-07,1.05E-05,0.235923902,0.272243559,0.272950269,0.359241398,291.2141498
8/1/1997,1997,8,1.20E-05,0.009630653,3.76E-07,1.50E-07,7.18E-06,0.216864419,0.25884503,0.259979757,0.355757703,291.578604
9/1/1997,1997,9,7.78E-06,0.009421774,8.45E-08,7.19E-08,2.52E-06,0.181511746,0.244933395,0.249209131,0.351517353,292.7903487
10/1/1997,1997,10,2.42E-05,0.011969995,1.68E-05,6.00E-07,7.28E-05,0.27258149,0.290931927,0.274674958,0.358247395,292.237664
11/1/1997,1997,11,4.44E-05,0.013414707,5.27E-05,1.08E-05,0.000176085,0.376819304,0.379703494,0.362886389,0.39245239,292.0530795
12/1/1997,1997,12,4.93E-05,0.013286305,2.30E-05,1.42E-05,7.89E-05,0.400624814,0.405718978,0.411690156,0.430155923,291.7960029
1/1/1998,1998,1,4.73E-05,0.013551219,1.03E-05,8.00E-06,6.11E-05,0.396878266,0.401655593,0.407754493,0.426879021,292.1316135
2/1/1998,1998,2,4.89E-05,0.01282768,3.80E-06,3.13E-06,3.77E-05,0.370261958,0.383094207,0.390543798,0.407476924,293.240351
3/1/1998,1998,3,3.99E-05,0.012917528,4.55E-06,6.97E-07,3.09E-05,0.307096231,0.356543128,0.364400362,0.386665481,293.7042222
4/1/1998,1998,4,4.97E-05,0.014065579,8.91E-06,2.05E-06,6.19E-05,0.354549219,0.368921048,0.370198126,0.385991636,294.0092017
5/1/1998,1998,5,4.65E-05,0.013033838,2.27E-05,1.06E-05,8.73E-05,0.364168525,0.377293743,0.379737782,0.398918563,292.7531743
6/1/1998,1998,6,3.28E-05,0.011424155,5.59E-06,1.57E-06,1.95E-05,0.302299156,0.343186162,0.353476857,0.387733731,291.5684646
7/1/1998,1998,7,2.12E-05,0.01040955,1.07E-06,2.66E-07,1.27E-05,0.26298568,0.315958338,0.325513542,0.371411907,290.6197256
8/1/1998,1998,8,1.59E-05,0.010161626,6.16E-07,1.70E-07,1.01E-05,0.239954878,0.302900355,0.312008486,0.362805572,291.0349224
9/1/1998,1998,9,1.16E-05,0.010157068,1.10E-07,9.09E-08,3.98E-06,0.204501041,0.292033523,0.30202393,0.356058391,292.1073513
10/1/1998,1998,10,1.90E-05,0.009948955,1.51E-06,9.09E-08,1.74E-05,0.240638257,0.293811826,0.297004626,0.351287557,293.0060878
11/1/1998,1998,11,3.81E-05,0.011604264,4.96E-06,1.81E-07,5.01E-05,0.296173363,0.314600817,0.298571135,0.349758451,292.4670844
12/1/1998,1998,12,3.70E-05,0.010919186,1.60E-07,1.57E-07,1.15E-05,0.25647451,0.273294612,0.267049954,0.347129494,293.3282146
1/1/1999,1999,1,2.25E-05,0.00995078,2.52E-07,6.69E-08,8.36E-06,0.214658986,0.218944255,0.216553002,0.341174339,293.9882858
2/1/1999,1999,2,1.23E-05,0.009137052,4.45E-08,4.30E-08,5.05E-06,0.182958586,0.192814415,0.192055465,0.33691303,294.5743787
3/1/1999,1999,3,2.67E-05,0.011666487,1.70E-06,1.59E-07,4.50E-05,0.262609243,0.245974326,0.192347877,0.334962168,294.3705859
4/1/1999,1999,4,3.43E-05,0.01216835,6.05E-06,2.15E-07,5.07E-05,0.275599018,0.292178724,0.228601285,0.337668921,293.5744221
5/1/1999,1999,5,3.12E-05,0.011367554,7.00E-07,1.73E-07,2.06E-05,0.257586023,0.259264042,0.22620927,0.339373566,292.6756258
6/1/1999,1999,6,1.53E-05,0.0098282,2.90E-08,1.00E-07,4.09E-06,0.208713409,0.215737525,0.203194159,0.337714996,291.9589933
7/1/1999,1999,7,9.70E-06,0.009473205,2.95E-07,5.10E-08,8.20E-06,0.200671039,0.200756388,0.189610258,0.335125493,291.1970602
8/1/1999,1999,8,7.94E-06,0.009496543,4.01E-07,4.25E-08,8.33E-06,0.202015039,0.201635995,0.186327348,0.333868481,291.4229745
9/1/1999,1999,9,6.96E-06,0.009361289,4.27E-08,4.38E-08,3.90E-06,0.193518014,0.197800048,0.183819404,0.332894532,292.3813316
10/1/1999,1999,10,1.21E-05,0.009479169,8.83E-07,3.95E-08,1.92E-05,0.213848446,0.195967393,0.180945052,0.331563646,292.9891098
11/1/1999,1999,11,2.66E-05,0.012100488,1.20E-05,2.24E-07,8.07E-05,0.282548218,0.270799468,0.205298805,0.331580261,292.379392
12/1/1999,1999,12,4.12E-05,0.012244082,1.18E-05,5.26E-07,5.74E-05,0.314188158,0.324036624,0.301096106,0.351626249,292.0150938
1/1/2000,2000,1,3.39E-05,0.009544838,6.51E-08,1.15E-07,5.58E-06,0.247046847,0.272851913,0.263119118,0.345704721,293.5524824
2/1/2000,2000,2,1.72E-05,0.008215849,2.99E-08,5.78E-08,3.53E-06,0.193860715,0.221336574,0.220678147,0.339651091,294.6442486
3/1/2000,2000,3,1.37E-05,0.010558626,3.23E-07,4.87E-08,7.76E-06,0.201524483,0.203864328,0.199954426,0.335939013,294.9912858
4/1/2000,2000,4,2.94E-05,0.011601581,3.10E-06,1.10E-07,4.26E-05,0.254694734,0.252686218,0.20390485,0.334557185,293.91592
5/1/2000,2000,5,2.20E-05,0.011092652,1.19E-06,6.34E-08,1.71E-05,0.221781547,0.220842528,0.194435875,0.333371974,293.207325
6/1/2000,2000,6,1.21E-05,0.010049288,7.21E-08,6.73E-08,5.13E-06,0.207361467,0.204090513,0.183337931,0.332065108,291.9472395
7/1/2000,2000,7,7.30E-06,0.009332498,8.22E-08,5.12E-08,5.65E-06,0.190473434,0.189893367,0.176178068,0.330953188,291.3740087
8/1/2000,2000,8,6.98E-06,0.00939376,1.86E-07,4.14E-08,6.81E-06,0.199094436,0.191672084,0.17417248,0.330131825,291.4918976
9/1/2000,2000,9,5.79E-06,0.009419576,4.88E-08,3.74E-08,4.57E-06,0.187505786,0.18805111,0.172607412,0.329464485,292.2224115
10/1/2000,2000,10,1.19E-05,0.009756229,7.57E-07,4.57E-08,1.64E-05,0.216725477,0.197117097,0.173024483,0.329130712,293.3248055
11/1/2000,2000,11,2.80E-05,0.011999735,7.79E-06,2.55E-07,8.80E-05,0.284987343,0.268959498,0.208040534,0.331187648,292.9484465
12/1/2000,2000,12,4.23E-05,0.011449673,4.14E-06,2.45E-07,2.89E-05,0.295261474,0.310411698,0.282345154,0.33835671,293.3715932
1/1/2001,2001,1,3.33E-05,0.010948657,3.30E-06,3.77E-07,4.07E-05,0.27830617,0.282159627,0.256418098,0.336308414,293.492439
2/1/2001,2001,2,2.48E-05,0.009994922,3.93E-08,1.29E-07,4.95E-06,0.230611166,0.262813877,0.244862362,0.337772481,294.5544785
3/1/2001,2001,3,2.26E-05,0.010396996,2.87E-06,1.60E-07,4.23E-05,0.22810753,0.245041932,0.221730317,0.334508211,294.5283508
4/1/2001,2001,4,4.98E-05,0.012433022,9.14E-06,5.78E-07,8.20E-05,0.3258337,0.336180977,0.291721841,0.346441992,293.7096968
5/1/2001,2001,5,4.19E-05,0.011725899,1.03E-06,6.59E-07,2.26E-05,0.283196271,0.295388583,0.279724155,0.352421326,293.4445576
6/1/2001,2001,6,2.18E-05,0.010420082,7.50E-07,2.71E-07,1.16E-05,0.245421796,0.254430212,0.24465169,0.348436381,291.9335191
7/1/2001,2001,7,1.38E-05,0.009801241,2.06E-07,1.31E-07,7.95E-06,0.222238852,0.234536519,0.225050496,0.344750407,291.1618055
8/1/2001,2001,8,1.07E-05,0.009162702,4.52E-07,9.80E-08,7.78E-06,0.214762881,0.22545093,0.21664397,0.342041566,291.7748009
9/1/2001,2001,9,8.53E-06,0.009774109,1.76E-07,7.99E-08,5.17E-06,0.198410722,0.223932425,0.212801922,0.339909395,292.7132233
10/1/2001,2001,10,1.33E-05,0.010050142,9.53E-07,6.20E-08,1.72E-05,0.224572177,0.221991843,0.208605629,0.337865788,293.3762045
11/1/2001,2001,11,3.83E-05,0.012523092,2.17E-05,6.72E-07,0.000103855,0.321895128,0.331557158,0.300152031,0.347564544,292.198125
12/1/2001,2001,12,3.89E-05,0.012004397,2.61E-07,3.57E-07,1.47E-05,0.278604392,0.292461461,0.287976011,0.348155166,292.7634902
1/1/2002,2002,1,2.62E-05,0.010561629,5.85E-07,1.00E-07,1.27E-05,0.241554723,0.246508607,0.238058589,0.342023442,293.5988702
2/1/2002,2002,2,1.57E-05,0.008835161,6.32E-08,6.32E-08,6.06E-06,0.192453535,0.213867194,0.208377925,0.337662938,294.4557395
3/1/2002,2002,3,2.51E-05,0.011897813,2.36E-06,1.26E-07,3.50E-05,0.263714988,0.268209909,0.206841202,0.335729292,294.4342835
4/1/2002,2002,4,3.70E-05,0.012817754,1.26E-05,3.26E-07,9.31E-05,0.290483426,0.293941134,0.230245471,0.338019189,293.5954121
5/1/2002,2002,5,4.67E-05,0.012073367,1.07E-05,4.54E-06,5.91E-05,0.333849869,0.347191339,0.325830515,0.369372874,292.8186119
6/1/2002,2002,6,2.51E-05,0.010215823,9.51E-08,1.82E-07,5.46E-06,0.239578567,0.277750009,0.279893527,0.358513441,292.0947369
7/1/2002,2002,7,1.52E-05,0.009727327,5.30E-08,7.46E-08,4.57E-06,0.209898804,0.246852415,0.249658969,0.350932361,291.6971835
8/1/2002,2002,8,1.08E-05,0.009748474,1.61E-07,5.57E-08,7.38E-06,0.210109212,0.236510872,0.235941535,0.346582634,291.5175366
9/1/2002,2002,9,1.08E-05,0.009607769,2.35E-07,5.64E-08,8.94E-06,0.202259167,0.232045971,0.229876641,0.343821523,292.4579861
10/1/2002,2002,10,2.06E-05,0.010787569,6.10E-06,5.83E-08,4.38E-05,0.243960644,0.242926548,0.229754178,0.342372903,293.226424
11/1/2002,2002,11,3.99E-05,0.012340032,1.30E-05,1.19E-06,7.51E-05,0.327230708,0.337532916,0.309208513,0.358766179,292.9223815
12/1/2002,2002,12,3.87E-05,0.012881059,8.68E-06,3.20E-07,6.03E-05,0.307237607,0.322411197,0.305091296,0.35571382,293.069783
1/1/2003,2003,1,4.07E-05,0.010107961,1.29E-07,3.24E-07,6.57E-06,0.273074612,0.304022082,0.300604402,0.354770469,293.8851039
2/1/2003,2003,2,2.32E-05,0.009281498,1.51E-07,7.72E-08,6.97E-06,0.213088689,0.243783649,0.24697263,0.345823774,295.2245015
3/1/2003,2003,3,1.65E-05,0.010701819,9.61E-07,5.47E-08,1.86E-05,0.198136331,0.220287764,0.219454783,0.340839206,295.2523502
4/1/2003,2003,4,3.20E-05,0.012129141,1.02E-05,3.38E-07,8.35E-05,0.278849689,0.268119599,0.221527331,0.340254833,294.1535527
5/1/2003,2003,5,4.28E-05,0.012911462,1.51E-05,5.92E-06,6.75E-05,0.34471653,0.357614705,0.337615764,0.376392723,292.6769248
6/1/2003,2003,6,2.55E-05,0.010971769,2.87E-07,4.06E-07,5.30E-06,0.255468057,0.295438137,0.299134035,0.365868408,291.8265413
7/1/2003,2003,7,1.52E-05,0.009850091,2.84E-07,1.09E-07,5.67E-06,0.215660093,0.261601863,0.267394569,0.356081105,291.4060409
8/1/2003,2003,8,1.24E-05,0.009994151,1.67E-06,1.30E-07,1.61E-05,0.22627068,0.257912823,0.255456626,0.351210256,291.3848809
9/1/2003,2003,9,1.25E-05,0.009968207,2.79E-07,1.76E-07,5.73E-06,0.216917544,0.258702707,0.256456584,0.350278629,292.6116035
10/1/2003,2003,10,2.33E-05,0.010777578,2.87E-06,1.63E-07,4.27E-05,0.253375429,0.262321203,0.252283558,0.347760955,293.3022245
11/1/2003,2003,11,4.11E-05,0.0125892,1.26E-05,6.84E-07,7.37E-05,0.326155182,0.33584211,0.306492054,0.354774759,292.8830624
12/1/2003,2003,12,4.62E-05,0.010778112,5.27E-06,8.33E-07,3.07E-05,0.305893167,0.324088939,0.31036026,0.359122224,292.9332455
1/1/2004,2004,1,3.03E-05,0.012052078,9.19E-07,1.61E-07,1.74E-05,0.24892099,0.264855696,0.257819731,0.349479521,294.00907
2/1/2004,2004,2,2.46E-05,0.011141151,6.18E-07,1.57E-07,1.52E-05,0.24389914,0.250597936,0.232698705,0.344421946,294.6272675
3/1/2004,2004,3,1.71E-05,0.010817408,1.29E-06,9.71E-08,1.72E-05,0.213932795,0.231480818,0.214792647,0.34062281,295.0576812
4/1/2004,2004,4,4.35E-05,0.012588051,6.72E-06,5.08E-07,7.64E-05,0.314822879,0.309748135,0.256339915,0.345805455,293.8687568
5/1/2004,2004,5,3.40E-05,0.011287557,4.48E-06,5.93E-07,2.69E-05,0.270285899,0.287074937,0.271011387,0.353457431,293.2840754
6/1/2004,2004,6,1.93E-05,0.009763045,5.63E-08,9.65E-08,5.12E-06,0.22205246,0.234483142,0.231884541,0.347240676,291.6966533
7/1/2004,2004,7,1.12E-05,0.00905524,1.85E-07,5.37E-08,6.38E-06,0.19423568,0.210930911,0.209731345,0.342418574,291.5551888
8/1/2004,2004,8,9.84E-06,0.009075527,3.94E-07,4.36E-08,7.52E-06,0.204521041,0.214375997,0.202167388,0.339612263,292.0096056
9/1/2004,2004,9,6.86E-06,0.009734054,3.21E-07,3.80E-08,8.40E-06,0.184311767,0.20632615,0.197704373,0.337453994,293.0692917
10/1/2004,2004,10,1.49E-05,0.010856215,4.75E-06,5.94E-08,3.73E-05,0.225369239,0.22492379,0.198609653,0.33624065,293.2804134
11/1/2004,2004,11,3.87E-05,0.011897107,8.86E-06,4.04E-07,7.68E-05,0.306321171,0.312153288,0.255143048,0.341248735,293.2041847
12/1/2004,2004,12,4.65E-05,0.011571606,2.88E-06,4.16E-07,3.36E-05,0.302771717,0.318086802,0.298663193,0.346239794,293.463781
1/1/2005,2005,1,2.76E-05,0.009642215,4.45E-07,1.27E-07,9.43E-06,0.214410793,0.246938047,0.243702377,0.340348046,294.1424075
2/1/2005,2005,2,1.74E-05,0.009506444,6.09E-08,1.00E-07,2.70E-06,0.209607554,0.221783962,0.211872811,0.336135933,295.2057511
3/1/2005,2005,3,2.02E-05,0.011017168,9.95E-07,1.01E-07,2.36E-05,0.229944563,0.217253604,0.197036509,0.333447412,295.4294455
4/1/2005,2005,4,2.78E-05,0.012047855,5.41E-06,1.53E-07,5.66E-05,0.260629357,0.259071257,0.202994215,0.332898446,294.7194377
5/1/2005,2005,5,3.73E-05,0.01192064,6.82E-06,4.00E-07,5.73E-05,0.299324837,0.302717994,0.236995269,0.341108575,293.4753873
6/1/2005,2005,6,2.46E-05,0.010610909,1.10E-07,3.59E-07,6.02E-06,0.255428199,0.283751369,0.247290082,0.348335059,292.3256497
7/1/2005,2005,7,1.40E-05,0.009811555,5.08E-07,9.49E-08,9.01E-06,0.21848456,0.24678235,0.22588,0.343451714,291.6221764
8/1/2005,2005,8,1.25E-05,0.009864017,1.49E-07,8.42E-08,8.95E-06,0.22447495,0.241092117,0.218323904,0.341031085,291.7001827
9/1/2005,2005,9,8.73E-06,0.009845048,2.09E-07,7.69E-08,6.90E-06,0.20377136,0.234878769,0.213611364,0.339199221,292.6525179
10/1/2005,2005,10,1.99E-05,0.010147604,1.02E-06,1.06E-07,2.67E-05,0.24526454,0.239561616,0.211870396,0.337715463,293.2860152
11/1/2005,2005,11,3.20E-05,0.011800117,3.59E-06,3.01E-07,4.37E-05,0.284086301,0.283346202,0.230297611,0.339218989,293.16015
12/1/2005,2005,12,2.96E-05,0.010078624,1.50E-07,1.85E-07,9.66E-06,0.236915046,0.250855928,0.21978902,0.337075276,293.9549057
1/1/2006,2006,1,1.59E-05,0.010368359,9.45E-08,5.46E-08,7.10E-06,0.197479184,0.196183773,0.188848024,0.332407193,294.2245884
2/1/2006,2006,2,9.48E-06,0.010071545,3.01E-07,3.95E-08,9.22E-06,0.182109935,0.178992212,0.17496568,0.329189978,295.3075542
3/1/2006,2006,3,2.10E-05,0.011480955,3.18E-06,1.21E-07,3.54E-05,0.248010916,0.243016903,0.187174731,0.329171318,294.7318506
4/1/2006,2006,4,4.26E-05,0.012656083,7.08E-06,3.96E-07,8.48E-05,0.322047294,0.320006503,0.256465471,0.334608216,293.3474429
5/1/2006,2006,5,4.06E-05,0.012051381,6.54E-06,6.28E-07,4.08E-05,0.299007799,0.311619385,0.284956145,0.346672208,292.9990015
6/1/2006,2006,6,2.12E-05,0.010227271,6.44E-08,1.28E-07,4.78E-06,0.223820397,0.251067173,0.245088266,0.342650612,292.5360884
7/1/2006,2006,7,1.19E-05,0.009988133,1.46E-07,5.98E-08,6.18E-06,0.210481204,0.227406467,0.222203639,0.338216993,291.4955775
8/1/2006,2006,8,1.02E-05,0.010007496,9.37E-07,6.95E-08,1.23E-05,0.216282961,0.234953952,0.217667148,0.336599963,291.9290607
9/1/2006,2006,9,9.11E-06,0.009700263,1.97E-07,5.97E-08,7.36E-06,0.19743712,0.228165733,0.213921675,0.334959961,292.5471563
10/1/2006,2006,10,1.39E-05,0.011000063,5.55E-06,9.51E-08,3.24E-05,0.218590678,0.234192683,0.214492207,0.333797183,293.3000655
11/1/2006,2006,11,4.13E-05,0.012911728,2.59E-05,4.61E-06,0.000147385,0.345440161,0.347581669,0.304090521,0.356418902,292.7445182
12/1/2006,2006,12,4.97E-05,0.012874777,2.21E-05,4.08E-06,9.32E-05,0.372190204,0.378279338,0.377119181,0.394945191,292.6345904
1/1/2007,2007,1,5.17E-05,0.011329334,1.82E-06,4.03E-06,1.44E-05,0.344879779,0.365244128,0.374150262,0.399149709,293.1027794
2/1/2007,2007,2,3.25E-05,0.01069968,7.57E-07,2.62E-07,1.55E-05,0.256893986,0.312449722,0.321307645,0.3713711,294.732557
3/1/2007,2007,3,3.18E-05,0.011137854,1.39E-06,1.49E-07,2.25E-05,0.264816765,0.295813299,0.291399043,0.360929369,294.8147224
4/1/2007,2007,4,4.43E-05,0.012250726,5.74E-06,3.64E-07,6.47E-05,0.305161179,0.314667392,0.284568289,0.359229757,294.2666135
5/1/2007,2007,5,3.85E-05,0.011948368,3.31E-06,2.92E-07,2.24E-05,0.275853978,0.295972547,0.282982698,0.362227738,293.4644768
6/1/2007,2007,6,2.50E-05,0.010599218,7.08E-06,7.70E-07,3.10E-05,0.270253952,0.287586842,0.26627967,0.364890337,292.28231
7/1/2007,2007,7,1.36E-05,0.010290394,1.81E-06,1.77E-07,1.35E-05,0.223852945,0.256902252,0.24664452,0.35914493,291.5857129
8/1/2007,2007,8,1.37E-05,0.010572958,9.66E-07,2.41E-07,1.16E-05,0.240495811,0.257100537,0.243888368,0.358067754,291.7835059
9/1/2007,2007,9,1.23E-05,0.010173588,7.42E-07,3.70E-07,1.02E-05,0.222551169,0.255891654,0.244169384,0.357428799,292.8931773
10/1/2007,2007,10,2.23E-05,0.010998743,2.89E-06,3.77E-07,3.67E-05,0.250298759,0.260619468,0.244247119,0.356322683,292.964859
11/1/2007,2007,11,3.79E-05,0.011988285,8.32E-06,8.49E-07,5.89E-05,0.307088827,0.31616721,0.279671616,0.360113264,292.9610416
12/1/2007,2007,12,3.87E-05,0.010678682,1.52E-06,3.98E-07,1.92E-05,0.274655542,0.28981509,0.273407909,0.356296027,293.1337986
1/1/2008,2008,1,2.71E-05,0.010709071,8.42E-07,1.11E-07,2.02E-05,0.246163811,0.243658159,0.228136347,0.349100946,293.402835
2/1/2008,2008,2,1.89E-05,0.009299839,3.23E-07,1.01E-07,7.23E-06,0.224346971,0.234578182,0.210053188,0.345521744,294.4135957
3/1/2008,2008,3,2.14E-05,0.011458755,1.99E-06,2.06E-07,4.74E-05,0.235100547,0.233641066,0.199309004,0.342359509,294.5624708
4/1/2008,2008,4,3.70E-05,0.011891652,5.99E-06,2.11E-07,5.23E-05,0.294121418,0.302797369,0.242304634,0.345795639,293.2237059
5/1/2008,2008,5,3.29E-05,0.011313382,1.71E-07,1.50E-07,1.20E-05,0.24931092,0.267648796,0.246710575,0.348482985,293.1223414
6/1/2008,2008,6,1.64E-05,0.010177105,5.51E-08,1.10E-07,5.30E-06,0.218821977,0.225251031,0.21631366,0.345016053,291.8247927
7/1/2008,2008,7,9.25E-06,0.010008908,1.17E-07,6.38E-08,7.68E-06,0.200560257,0.20672274,0.200533185,0.34201935,291.4783733
8/1/2008,2008,8,8.11E-06,0.010021915,6.72E-08,4.91E-08,4.93E-06,0.207986649,0.205790412,0.1955746,0.340309895,292.026616
9/1/2008,2008,9,7.74E-06,0.009927312,2.15E-07,4.39E-08,7.26E-06,0.194744562,0.203630181,0.192544619,0.338796402,293.5672872
10/1/2008,2008,10,1.80E-05,0.011106091,5.23E-06,1.05E-07,4.40E-05,0.250997687,0.246127319,0.20254875,0.339045072,293.7469102
11/1/2008,2008,11,3.39E-05,0.011850595,9.05E-06,6.04E-07,6.49E-05,0.300683588,0.32753775,0.291619735,0.351885853,293.092277
12/1/2008,2008,12,3.42E-05,0.010513941,2.02E-07,1.07E-07,1.06E-05,0.232819377,0.263278048,0.263350242,0.348687578,293.7015436
1/1/2009,2009,1,2.38E-05,0.010224588,8.27E-07,5.98E-08,1.46E-05,0.219741731,0.218939303,0.213841596,0.342372839,293.8963828
2/1/2009,2009,2,1.70E-05,0.010385031,1.48E-07,9.69E-08,8.73E-06,0.218902132,0.213470219,0.196884149,0.339424595,294.3154477
3/1/2009,2009,3,1.13E-05,0.010468586,9.49E-07,6.10E-08,1.38E-05,0.190502363,0.197690967,0.185406013,0.336936091,295.4108672
4/1/2009,2009,4,2.87E-05,0.012268723,3.51E-06,1.68E-07,4.30E-05,0.276604353,0.270995591,0.199731908,0.337246028,294.1640788
5/1/2009,2009,5,2.72E-05,0.011612336,2.95E-06,2.07E-07,3.01E-05,0.250370855,0.255309038,0.206937703,0.33916713,293.5523487
6/1/2009,2009,6,1.65E-05,0.01058306,1.43E-07,1.28E-07,5.60E-06,0.212596046,0.226402314,0.200016497,0.339787501,293.2011855
7/1/2009,2009,7,7.61E-06,0.009230504,1.56E-08,5.23E-08,2.32E-06,0.183409313,0.199330832,0.186499586,0.337407388,291.9134552
8/1/2009,2009,8,6.88E-06,0.009699529,6.14E-08,4.39E-08,5.55E-06,0.190928294,0.191060189,0.180134599,0.335531504,292.2502475
9/1/2009,2009,9,5.02E-06,0.009637442,2.80E-08,3.70E-08,3.12E-06,0.178459102,0.187101869,0.176852311,0.334132722,293.5767796
10/1/2009,2009,10,1.58E-05,0.011237569,6.71E-06,4.98E-08,4.84E-05,0.235063517,0.232135177,0.189059297,0.333719045,293.1717441
11/1/2009,2009,11,3.83E-05,0.011733853,3.69E-06,2.10E-07,5.39E-05,0.30078556,0.299856683,0.233098638,0.338444164,293.3273141
12/1/2009,2009,12,3.71E-05,0.012360052,2.54E-06,2.96E-07,4.07E-05,0.30030222,0.299990472,0.242568468,0.340276545,293.2053201
1/1/2010,2010,1,3.10E-05,0.010707359,1.42E-06,3.22E-07,1.64E-05,0.262791941,0.284742696,0.247171129,0.341627704,293.697738
2/1/2010,2010,2,1.95E-05,0.011424483,1.04E-06,8.79E-08,2.07E-05,0.219087109,0.23395296,0.21838885,0.338364159,294.5547816
3/1/2010,2010,3,3.96E-05,0.012722123,5.10E-06,4.50E-07,7.68E-05,0.317943501,0.317485967,0.246048395,0.340310149,294.1445249
4/1/2010,2010,4,4.87E-05,0.013068205,1.16E-05,1.44E-06,7.09E-05,0.334435196,0.348512692,0.327943601,0.357392834,293.9168021
5/1/2010,2010,5,4.20E-05,0.012264328,1.09E-05,2.11E-06,4.41E-05,0.304314082,0.320624177,0.312153155,0.363224506,293.4217235
6/1/2010,2010,6,2.34E-05,0.010877494,1.89E-07,2.81E-07,6.32E-06,0.242844276,0.270824771,0.271733612,0.357455925,292.6163571
7/1/2010,2010,7,1.37E-05,0.00991923,2.58E-07,8.57E-08,7.78E-06,0.214331657,0.240756508,0.242839979,0.350564508,291.565573
8/1/2010,2010,8,1.13E-05,0.009922088,4.67E-07,6.30E-08,1.07E-05,0.221510855,0.238030274,0.231779621,0.346725651,291.6975684
9/1/2010,2010,9,1.03E-05,0.009765716,1.29E-07,8.55E-08,4.64E-06,0.210990315,0.236523825,0.230365237,0.345072254,292.5268668
10/1/2010,2010,10,1.64E-05,0.010512807,2.30E-06,1.17E-07,2.74E-05,0.229730135,0.238866148,0.226735982,0.34309448,293.5365417
11/1/2010,2010,11,4.04E-05,0.012219847,3.46E-06,4.23E-07,5.78E-05,0.314944397,0.310564196,0.258015721,0.346654528,293.0374609
12/1/2010,2010,12,3.54E-05,0.010667162,8.81E-07,2.30E-07,1.63E-05,0.259875056,0.274597136,0.248578345,0.345415031,293.5699928
1/1/2011,2011,1,1.98E-05,0.009546432,5.57E-08,5.50E-08,4.77E-06,0.202862358,0.212832341,0.207950215,0.339581951,294.058899
2/1/2011,2011,2,1.66E-05,0.009102857,4.00E-07,8.56E-08,1.54E-05,0.218247134,0.201093514,0.188488049,0.335432517,294.9880724
3/1/2011,2011,3,1.76E-05,0.0107058,1.23E-06,1.15E-07,2.48E-05,0.2229837,0.216441965,0.183763258,0.333283923,294.9828059
4/1/2011,2011,4,2.36E-05,0.011997998,4.44E-06,5.98E-08,4.22E-05,0.238509598,0.23409584,0.184774818,0.33224702,294.2692327
5/1/2011,2011,5,3.40E-05,0.011724364,3.71E-06,3.00E-07,3.30E-05,0.277332432,0.284608175,0.224238912,0.339324832,293.5551732
6/1/2011,2011,6,1.59E-05,0.011036393,6.83E-07,1.17E-07,1.25E-05,0.223252837,0.238530806,0.208633477,0.338643492,292.8259557
7/1/2011,2011,7,1.18E-05,0.00995355,5.27E-07,1.58E-07,1.12E-05,0.212882944,0.227514288,0.201641515,0.338194656,292.2606073
8/1/2011,2011,8,1.10E-05,0.010205157,1.49E-06,3.53E-07,1.56E-05,0.231288859,0.236285875,0.208119583,0.339609663,291.7886416
9/1/2011,2011,9,1.00E-05,0.01035489,1.01E-06,3.95E-07,1.02E-05,0.213602039,0.236579941,0.214073897,0.341197996,292.9016517
10/1/2011,2011,10,1.46E-05,0.011783596,9.71E-06,1.94E-07,6.06E-05,0.239253107,0.259052649,0.218191463,0.340005271,293.0072807
11/1/2011,2011,11,4.26E-05,0.012627967,1.88E-05,3.11E-06,0.000111629,0.360003463,0.365363049,0.32440415,0.36304773,292.7118564
12/1/2011,2011,12,5.05E-05,0.011623032,6.86E-06,3.82E-06,3.08E-05,0.342342719,0.358890698,0.366143199,0.387668545,292.7623861
1/1/2012,2012,1,3.56E-05,0.008944665,4.09E-08,1.61E-07,4.13E-06,0.239405122,0.276828648,0.287364895,0.36713874,293.9482397
2/1/2012,2012,2,1.76E-05,0.009557794,2.43E-07,8.76E-08,7.52E-06,0.190750926,0.22877811,0.236116327,0.358154484,294.4908558
3/1/2012,2012,3,1.86E-05,0.009799095,3.56E-07,9.22E-08,9.53E-06,0.22263607,0.226072064,0.216388994,0.353770101,295.395731
4/1/2012,2012,4,3.64E-05,0.012109426,9.29E-06,5.94E-07,0.000100232,0.301983655,0.27958197,0.228507344,0.354429242,293.7150427
5/1/2012,2012,5,4.53E-05,0.01199064,1.82E-05,6.24E-06,6.38E-05,0.330723619,0.344348514,0.328492851,0.387441378,292.9543723
6/1/2012,2012,6,2.47E-05,0.010705494,1.14E-06,4.38E-07,1.07E-05,0.259242175,0.286683019,0.286904349,0.374358233,292.1234986
7/1/2012,2012,7,1.60E-05,0.010336437,7.00E-07,2.69E-07,1.10E-05,0.241472912,0.266023614,0.263609038,0.367509873,291.4595065
8/1/2012,2012,8,1.32E-05,0.010037902,1.44E-06,2.54E-07,1.25E-05,0.232746985,0.258158725,0.254352277,0.363695946,291.8377341
9/1/2012,2012,9,1.21E-05,0.009701126,2.52E-07,2.22E-07,5.87E-06,0.21596449,0.252799994,0.250209581,0.361488231,292.9822924
10/1/2012,2012,10,2.26E-05,0.010983046,7.04E-06,2.41E-07,4.47E-05,0.258826972,0.283563477,0.260189372,0.361761184,293.4160243
11/1/2012,2012,11,4.13E-05,0.012237715,1.15E-05,8.63E-07,7.06E-05,0.317910229,0.336166821,0.307360154,0.369573579,293.4462163
12/1/2012,2012,12,3.87E-05,0.012458302,6.51E-06,3.27E-07,4.85E-05,0.298015622,0.314191615,0.294346147,0.363322424,293.0452739
1/1/2013,2013,1,3.63E-05,0.011236359,5.18E-07,1.96E-07,1.01E-05,0.270338351,0.294759895,0.284123169,0.359704359,294.161278
2/1/2013,2013,2,2.34E-05,0.010302074,1.83E-07,1.05E-07,6.46E-06,0.229200571,0.256271634,0.246877863,0.353063596,295.1079279
3/1/2013,2013,3,2.09E-05,0.012059459,3.12E-06,1.32E-07,4.44E-05,0.227945217,0.243361737,0.22289051,0.348040715,294.7852065
4/1/2013,2013,4,4.98E-05,0.013216208,2.07E-05,6.00E-06,0.000121136,0.373110408,0.373364453,0.337895478,0.377185622,293.5529974
5/1/2013,2013,5,4.26E-05,0.011314482,1.14E-06,1.33E-06,1.49E-05,0.294837315,0.319570117,0.326157272,0.379885416,292.7554998
6/1/2013,2013,6,2.35E-05,0.010586535,5.56E-07,3.89E-07,8.77E-06,0.256201128,0.27612803,0.27754919,0.368645425,291.7960704
7/1/2013,2013,7,1.58E-05,0.010014134,3.96E-07,2.02E-07,9.11E-06,0.232007071,0.254554183,0.253767134,0.363134967,291.5148861
8/1/2013,2013,8,1.16E-05,0.009964872,6.14E-07,1.99E-07,8.63E-06,0.221796259,0.246506585,0.244826704,0.359451337,291.4695104
9/1/2013,2013,9,1.04E-05,0.010081674,5.20E-07,1.17E-07,8.29E-06,0.208972185,0.241181761,0.239014689,0.356479677,293.0446471
10/1/2013,2013,10,1.88E-05,0.010188753,5.84E-07,1.10E-07,1.83E-05,0.241126341,0.24934563,0.235764004,0.354038727,293.7573355
11/1/2013,2013,11,3.15E-05,0.012178161,7.78E-06,2.13E-07,6.06E-05,0.292233538,0.300875448,0.25824679,0.354483254,293.1692534
12/1/2013,2013,12,3.73E-05,0.011846148,3.62E-06,3.72E-07,3.50E-05,0.296188435,0.308752422,0.274774211,0.356766677,292.9375574
1/1/2014,2014,1,2.62E-05,0.010095249,5.48E-08,1.03E-07,4.03E-06,0.219550776,0.244619584,0.239772625,0.352267977,294.3253962
2/1/2014,2014,2,2.01E-05,0.011094905,5.30E-07,1.42E-07,2.09E-05,0.242468874,0.229472888,0.21312472,0.347705788,294.6967388
3/1/2014,2014,3,2.60E-05,0.011756538,4.78E-06,2.35E-07,4.99E-05,0.264212426,0.274726319,0.224570895,0.34761817,294.4915331
4/1/2014,2014,4,3.85E-05,0.012242396,8.28E-06,2.54E-07,4.59E-05,0.294050867,0.310697662,0.262354666,0.351188561,294.0269681
5/1/2014,2014,5,3.07E-05,0.011722584,4.47E-07,1.40E-07,2.04E-05,0.246287462,0.25232722,0.236770435,0.348968054,293.4045078
6/1/2014,2014,6,1.88E-05,0.010968728,7.97E-07,1.90E-07,1.20E-05,0.239985471,0.235454586,0.219983497,0.348993132,292.5707957
7/1/2014,2014,7,1.11E-05,0.010201563,1.34E-07,1.06E-07,6.49E-06,0.212221982,0.214608525,0.206008643,0.346978415,292.1223099
8/1/2014,2014,8,8.25E-06,0.010151546,1.62E-06,6.80E-08,1.70E-05,0.203063906,0.20814636,0.199110398,0.344663908,292.0723183
9/1/2014,2014,9,1.19E-05,0.009920166,4.32E-07,1.85E-07,7.58E-06,0.223122518,0.232268657,0.209998917,0.34642132,292.586726
10/1/2014,2014,10,1.89E-05,0.011056851,1.74E-06,1.46E-07,2.77E-05,0.249421972,0.234028036,0.209255617,0.345739344,293.7277682
11/1/2014,2014,11,3.02E-05,0.012407843,9.17E-06,3.07E-07,6.39E-05,0.291650259,0.295181222,0.237515015,0.348909512,293.2163963
12/1/2014,2014,12,3.96E-05,0.011623758,4.34E-06,3.43E-07,3.37E-05,0.286550203,0.305504647,0.279411579,0.35293217,293.3506183
1/1/2015,2015,1,2.58E-05,0.008114359,4.87E-08,8.94E-08,5.07E-06,0.213406028,0.233360982,0.229181992,0.346916683,294.3584471
2/1/2015,2015,2,1.58E-05,0.009957512,3.31E-07,6.20E-08,9.52E-06,0.206811869,0.203883537,0.199343157,0.341823267,295.3502678
3/1/2015,2015,3,1.62E-05,0.01009972,9.14E-07,7.52E-08,1.86E-05,0.214648644,0.205621981,0.18839941,0.338902245,294.9052177
4/1/2015,2015,4,4.18E-05,0.012531206,1.21E-05,4.46E-07,0.000116921,0.321251322,0.303853339,0.223184025,0.341982006,294.2357781
5/1/2015,2015,5,4.45E-05,0.012031417,8.61E-06,2.18E-06,3.64E-05,0.316386971,0.335813668,0.319480504,0.36696781,293.3451821
6/1/2015,2015,6,2.19E-05,0.011112248,4.40E-07,3.99E-07,6.41E-06,0.242081693,0.274478185,0.274932857,0.359932499,292.7804197
7/1/2015,2015,7,1.59E-05,0.010485636,1.33E-07,1.14E-07,7.49E-06,0.224135301,0.245276737,0.246869228,0.353504692,291.9499778
8/1/2015,2015,8,1.03E-05,0.010022226,1.39E-07,7.33E-08,5.17E-06,0.209502065,0.234236772,0.233532853,0.349301747,292.1921674
9/1/2015,2015,9,8.01E-06,0.009493372,4.71E-08,5.21E-08,3.82E-06,0.191266387,0.224370372,0.225367779,0.34591104,293.4155766
10/1/2015,2015,10,1.58E-05,0.011171087,4.77E-06,5.16E-08,3.38E-05,0.223390337,0.242208654,0.225554485,0.34340973,294.2296358
11/1/2015,2015,11,4.53E-05,0.01317744,2.03E-05,1.77E-06,0.000123786,0.357106165,0.356206269,0.314414141,0.363019358,293.356944
12/1/2015,2015,12,4.93E-05,0.012439832,7.74E-06,1.74E-06,5.01E-05,0.348364842,0.361112266,0.35756434,0.378441698,293.5407466
1/1/2016,2016,1,4.15E-05,0.011786578,1.61E-06,4.12E-07,2.41E-05,0.299544438,0.320667091,0.321082614,0.369092921,294.4478396
2/1/2016,2016,2,2.86E-05,0.010400739,4.23E-07,1.77E-07,8.36E-06,0.248308257,0.283353421,0.282742416,0.360560577,295.0777377
3/1/2016,2016,3,2.51E-05,0.011779333,1.09E-06,1.31E-07,1.87E-05,0.238935742,0.272394383,0.255550967,0.354757855,296.1202196
4/1/2016,2016,4,4.28E-05,0.012850881,7.96E-06,3.54E-07,8.57E-05,0.305223633,0.305133858,0.256313245,0.355715855,294.8106223
5/1/2016,2016,5,4.11E-05,0.011592936,8.02E-06,1.43E-06,3.83E-05,0.309440784,0.327098789,0.306404737,0.368129461,293.0485481
6/1/2016,2016,6,2.27E-05,0.010582552,2.84E-07,3.46E-07,6.87E-06,0.242038341,0.269371664,0.266729891,0.361960512,292.2634077
7/1/2016,2016,7,1.28E-05,0.009861786,1.07E-07,1.30E-07,4.71E-06,0.216323832,0.243569754,0.243173322,0.356178237,291.6842843
8/1/2016,2016,8,1.04E-05,0.009708171,4.06E-07,7.92E-08,7.93E-06,0.214207533,0.235428461,0.231915868,0.352006614,291.7638532
9/1/2016,2016,9,8.15E-06,0.009744638,1.09E-07,6.85E-08,5.20E-06,0.195256318,0.229182688,0.225502308,0.349199294,292.4284017
10/1/2016,2016,10,1.48E-05,0.009941823,7.49E-07,8.92E-08,1.45E-05,0.227783594,0.229244812,0.221784325,0.34741495,293.7959917
11/1/2016,2016,11,2.82E-05,0.012135372,1.94E-05,1.74E-07,9.03E-05,0.275024666,0.277988386,0.244652992,0.347325102,293.2091494
12/1/2016,2016,12,4.03E-05,0.011498678,3.95E-07,1.63E-07,1.30E-05,0.28054618,0.296739614,0.285018402,0.352261906,293.4368343
1/1/2017,2017,1,2.45E-05,0.009256002,1.64E-08,6.74E-08,3.76E-06,0.209608867,0.22821516,0.227568295,0.345245975,294.3669983
2/1/2017,2017,2,1.61E-05,0.010795113,6.46E-07,6.15E-08,1.47E-05,0.205593464,0.202009714,0.197690551,0.340782249,294.7601099
3/1/2017,2017,3,1.39E-05,0.010789476,3.12E-07,6.11E-08,9.57E-06,0.210392992,0.203590985,0.187628896,0.338345614,295.9153882
4/1/2017,2017,4,2.73E-05,0.011853381,2.54E-06,8.35E-08,3.84E-05,0.254905214,0.251107212,0.189224656,0.336844461,294.5322607
5/1/2017,2017,5,2.88E-05,0.011964719,4.66E-06,1.59E-07,3.92E-05,0.26050558,0.267045282,0.209069471,0.340749825,293.1761327
6/1/2017,2017,6,1.55E-05,0.010890523,4.73E-08,8.73E-08,3.68E-06,0.216042809,0.228071196,0.197036903,0.340183855,292.8556268
7/1/2017,2017,7,9.68E-06,0.010381318,3.66E-07,7.20E-08,9.73E-06,0.208168246,0.20997739,0.187861777,0.338468652,292.2184219
8/1/2017,2017,8,8.78E-06,0.010223956,4.28E-07,7.71E-08,9.13E-06,0.212892524,0.210872903,0.186726402,0.337767281,292.3182999
9/1/2017,2017,9,9.56E-06,0.010307611,5.07E-07,1.14E-07,1.10E-05,0.218706515,0.218178356,0.190107025,0.33797417,292.9457685
10/1/2017,2017,10,1.76E-05,0.011066494,5.84E-06,1.62E-07,4.20E-05,0.246824047,0.261237008,0.202279133,0.338842575,293.9395332
11/1/2017,2017,11,3.71E-05,0.012401003,1.20E-05,5.44E-07,7.40E-05,0.311278605,0.326824201,0.278755942,0.349674785,292.9199692
12/1/2017,2017,12,3.44E-05,0.01058189,1.84E-07,1.77E-07,9.39E-06,0.247006535,0.271012556,0.264795922,0.348283509,293.6594033
1/1/2018,2018,1,2.21E-05,0.008961764,1.79E-07,8.53E-08,7.20E-06,0.217246272,0.218095477,0.215023477,0.342416653,294.568608
2/1/2018,2018,2,1.19E-05,0.010115837,4.70E-08,6.47E-08,3.98E-06,0.191201122,0.192582358,0.19106607,0.338551071,294.868679
3/1/2018,2018,3,3.44E-05,0.012501464,6.19E-06,4.99E-07,8.84E-05,0.325696604,0.313322724,0.238262585,0.341072098,293.6392274
4/1/2018,2018,4,4.92E-05,0.012984593,3.40E-05,1.20E-05,0.000164998,0.383985337,0.382631562,0.355937195,0.376220381,292.8581981
5/1/2018,2018,5,5.16E-05,0.012311892,3.17E-05,1.04E-05,7.05E-05,0.373404605,0.383757246,0.392309757,0.414469757,292.2157243
6/1/2018,2018,6,3.31E-05,0.0113682,6.20E-06,2.01E-06,2.61E-05,0.321689624,0.352633122,0.363025552,0.39449023,291.2892273
7/1/2018,2018,7,2.22E-05,0.010362537,9.62E-07,6.95E-07,1.13E-05,0.269615253,0.323402489,0.336295167,0.378999832,290.6641163
8/1/2018,2018,8,1.61E-05,0.010095619,6.37E-07,2.50E-07,9.74E-06,0.244677368,0.306965502,0.319096706,0.368128823,291.3204409
9/1/2018,2018,9,1.55E-05,0.010185716,2.93E-07,2.80E-07,8.15E-06,0.225922957,0.299283949,0.310458743,0.362235968,292.6016386
10/1/2018,2018,10,2.14E-05,0.010958888,1.03E-06,1.40E-07,2.02E-05,0.255033431,0.292955037,0.300962337,0.356229178,293.1367617
11/1/2018,2018,11,3.92E-05,0.012147234,5.06E-06,2.86E-07,5.18E-05,0.302401971,0.310885655,0.296022628,0.354505033,293.6478688
12/1/2018,2018,12,4.83E-05,0.012203199,1.09E-05,8.75E-07,6.76E-05,0.33794657,0.347188069,0.330797042,0.363179798,293.5776038
1/1/2019,2019,1,3.72E-05,0.010817948,6.17E-07,1.71E-07,1.15E-05,0.265129575,0.291711841,0.295090984,0.360062767,294.2350352
2/1/2019,2019,2,2.30E-05,0.01077091,2.51E-07,7.25E-08,1.05E-05,0.21834474,0.242525185,0.246500446,0.35202725,295.1901218
3/1/2019,2019,3,1.75E-05,0.010304351,2.97E-07,6.43E-08,8.39E-06,0.208465254,0.222091226,0.221498759,0.347114155,296.2901191
4/1/2019,2019,4,2.46E-05,0.012149582,3.48E-06,1.41E-07,5.75E-05,0.235467763,0.227440923,0.205153219,0.343555136,295.6078313
5/1/2019,2019,5,3.83E-05,0.01201306,2.76E-06,3.42E-07,2.98E-05,0.289268717,0.292087433,0.241817263,0.352760462,293.6252934
6/1/2019,2019,6,2.08E-05,0.011223246,1.39E-06,5.88E-07,1.65E-05,0.256625082,0.268156955,0.234779127,0.355410974,292.8286386
7/1/2019,2019,7,1.39E-05,0.010251597,2.48E-07,1.47E-07,8.51E-06,0.220158335,0.236129623,0.219215732,0.351518389,292.5021358
8/1/2019,2019,8,1.01E-05,0.010191797,6.39E-07,9.56E-08,9.86E-06,0.212513073,0.227365891,0.211345393,0.348216079,292.652612
9/1/2019,2019,9,1.12E-05,0.010316484,1.25E-06,2.02E-07,1.13E-05,0.217470838,0.239493436,0.217689131,0.348828991,293.4233165
10/1/2019,2019,10,3.03E-05,0.012248927,2.02E-05,9.58E-07,0.000112669,0.292270721,0.300230737,0.247604899,0.353683733,293.0768822
11/1/2019,2019,11,4.84E-05,0.012919161,3.13E-05,8.69E-06,0.00013037,0.369795592,0.380125656,0.364795244,0.387029238,293.0823185
12/1/2019,2019,12,5.54E-05,0.013378928,3.63E-05,1.57E-05,9.74E-05,0.404201033,0.408942299,0.416067909,0.436845518,292.9546601
1/1/2020,2020,1,4.62E-05,0.012503043,3.89E-06,1.14E-06,3.40E-05,0.357635155,0.369582423,0.377022584,0.400544163,293.4938094
2/1/2020,2020,2,3.89E-05,0.012433807,2.35E-06,1.06E-06,2.41E-05,0.314130735,0.352751926,0.360558196,0.387209569,294.2304565
3/1/2020,2020,3,4.45E-05,0.01313677,4.32E-06,7.14E-07,5.78E-05,0.342245792,0.356751188,0.352752214,0.375588589,294.7010982
4/1/2020,2020,4,4.90E-05,0.013401982,4.69E-05,1.41E-05,0.000152087,0.37125662,0.382565581,0.378796245,0.392368153,293.5272962
5/1/2020,2020,5,5.66E-05,0.012145449,1.57E-05,8.53E-06,4.40E-05,0.372245578,0.384241416,0.395967496,0.422361297,292.9055176
6/1/2020,2020,6,3.37E-05,0.01111327,1.45E-06,1.03E-06,1.64E-05,0.305531809,0.340813649,0.352509211,0.391659547,292.2078646
7/1/2020,2020,7,2.19E-05,0.010198067,4.19E-07,3.52E-07,9.68E-06,0.256690256,0.310743187,0.323490829,0.37726173,291.556327
8/1/2020,2020,8,1.71E-05,0.010462374,1.22E-06,2.44E-07,1.34E-05,0.247270003,0.300105577,0.31089024,0.36908604,292.0473519
9/1/2020,2020,9,1.37E-05,0.010223815,1.09E-06,2.44E-07,9.74E-06,0.224574597,0.293875431,0.304421301,0.364359465,292.662554
10/1/2020,2020,10,1.50E-05,0.01070217,2.54E-06,1.04E-07,2.65E-05,0.211701873,0.286260331,0.293745937,0.358335673,293.9232774
11/1/2020,2020,11,4.05E-05,0.012625089,1.05E-05,9.67E-07,6.65E-05,0.319136018,0.328911571,0.312591744,0.365762237,293.1392929
12/1/2020,2020,12,4.12E-05,0.011195896,7.29E-07,3.87E-07,1.03E-05,0.282025458,0.30764732,0.300844987,0.36288773,293.6885045
1/1/2021,2021,1,3.43E-05,0.010767923,4.37E-06,1.37E-07,3.09E-05,0.276676303,0.289931677,0.262945843,0.356196458,293.5906869
2/1/2021,2021,2,2.35E-05,0.010459608,4.09E-07,1.08E-07,1.58E-05,0.239919336,0.246217225,0.233215624,0.351625788,294.5404505
3/1/2021,2021,3,2.07E-05,0.010776559,6.11E-07,7.84E-08,1.69E-05,0.232593777,0.232957844,0.217600952,0.348170753,294.6746607
