"Date","waterLevel","watershed","DDate","week","wday","year"
2015-04-01,0.264416666666667,"Mbogiti(T)",2015-04-01,14,3,2015
2015-04-02,0.2508125,"Mbogiti(T)",2015-04-02,14,4,2015
2015-04-03,0.236270833333333,"Mbogiti(T)",2015-04-03,14,5,2015
2015-04-04,0.245,"Mbogiti(T)",2015-04-04,14,6,2015
2015-04-05,0.278645833333333,"Mbogiti(T)",2015-04-05,14,0,2015
2015-04-06,0.269458333333333,"Mbogiti(T)",2015-04-06,15,1,2015
2015-04-07,0.260708333333333,"Mbogiti(T)",2015-04-07,15,2,2015
2015-04-08,0.259604166666667,"Mbogiti(T)",2015-04-08,15,3,2015
2015-04-09,0.275583333333333,"Mbogiti(T)",2015-04-09,15,4,2015
2015-04-10,0.269208333333333,"Mbogiti(T)",2015-04-10,15,5,2015
2015-04-11,0.270729166666667,"Mbogiti(T)",2015-04-11,15,6,2015
2015-04-12,0.270916666666667,"Mbogiti(T)",2015-04-12,15,0,2015
2015-04-13,0.2655,"Mbogiti(T)",2015-04-13,16,1,2015
2015-04-14,0.279,"Mbogiti(T)",2015-04-14,16,2,2015
2015-04-15,0.2899375,"Mbogiti(T)",2015-04-15,16,3,2015
2015-04-16,0.3065,"Mbogiti(T)",2015-04-16,16,4,2015
2015-04-17,0.325979166666667,"Mbogiti(T)",2015-04-17,16,5,2015
2015-04-18,0.313854166666667,"Mbogiti(T)",2015-04-18,16,6,2015
2015-04-19,0.284875,"Mbogiti(T)",2015-04-19,16,0,2015
2015-04-20,0.291979166666667,"Mbogiti(T)",2015-04-20,17,1,2015
2015-04-21,0.294041666666667,"Mbogiti(T)",2015-04-21,17,2,2015
2015-04-22,0.294895833333333,"Mbogiti(T)",2015-04-22,17,3,2015
2015-04-23,0.29525,"Mbogiti(T)",2015-04-23,17,4,2015
2015-04-24,0.310958333333333,"Mbogiti(T)",2015-04-24,17,5,2015
2015-04-25,0.285854166666667,"Mbogiti(T)",2015-04-25,17,6,2015
2015-04-26,0.279875,"Mbogiti(T)",2015-04-26,17,0,2015
2015-04-27,0.296916666666667,"Mbogiti(T)",2015-04-27,18,1,2015
2015-04-28,0.333395833333333,"Mbogiti(T)",2015-04-28,18,2,2015
2015-04-29,0.317270833333333,"Mbogiti(T)",2015-04-29,18,3,2015
2015-04-30,0.307270833333333,"Mbogiti(T)",2015-04-30,18,4,2015
2015-05-01,0.304375,"Mbogiti(T)",2015-05-01,18,5,2015
2015-05-02,0.3265625,"Mbogiti(T)",2015-05-02,18,6,2015
2015-05-03,0.333645833333333,"Mbogiti(T)",2015-05-03,18,0,2015
2015-05-04,0.318583333333333,"Mbogiti(T)",2015-05-04,19,1,2015
2015-05-05,0.335416666666667,"Mbogiti(T)",2015-05-05,19,2,2015
2015-05-06,0.313520833333333,"Mbogiti(T)",2015-05-06,19,3,2015
2015-05-07,0.316270833333333,"Mbogiti(T)",2015-05-07,19,4,2015
2015-05-08,0.330125,"Mbogiti(T)",2015-05-08,19,5,2015
2015-05-09,0.336,"Mbogiti(T)",2015-05-09,19,6,2015
2015-05-10,0.324541666666667,"Mbogiti(T)",2015-05-10,19,0,2015
2015-05-11,0.3313125,"Mbogiti(T)",2015-05-11,20,1,2015
2015-05-12,0.339979166666667,"Mbogiti(T)",2015-05-12,20,2,2015
2015-05-13,0.336416666666667,"Mbogiti(T)",2015-05-13,20,3,2015
2015-05-14,0.343458333333333,"Mbogiti(T)",2015-05-14,20,4,2015
2015-05-15,0.347770833333333,"Mbogiti(T)",2015-05-15,20,5,2015
2015-05-16,0.349104166666667,"Mbogiti(T)",2015-05-16,20,6,2015
2015-05-17,0.339541666666667,"Mbogiti(T)",2015-05-17,20,0,2015
2015-05-18,0.350354166666667,"Mbogiti(T)",2015-05-18,21,1,2015
2015-05-19,0.372145833333333,"Mbogiti(T)",2015-05-19,21,2,2015
2015-05-20,0.3635625,"Mbogiti(T)",2015-05-20,21,3,2015
2015-05-21,0.367895833333333,"Mbogiti(T)",2015-05-21,21,4,2015
2015-05-22,0.3659375,"Mbogiti(T)",2015-05-22,21,5,2015
2015-05-23,0.36625,"Mbogiti(T)",2015-05-23,21,6,2015
2015-05-24,0.364583333333333,"Mbogiti(T)",2015-05-24,21,0,2015
2015-05-25,0.367145833333333,"Mbogiti(T)",2015-05-25,22,1,2015
2015-05-26,0.376104166666667,"Mbogiti(T)",2015-05-26,22,2,2015
2015-05-27,0.3313125,"Mbogiti(T)",2015-05-27,22,3,2015
2015-05-28,0.2786875,"Mbogiti(T)",2015-05-28,22,4,2015
2015-05-29,0.2685,"Mbogiti(T)",2015-05-29,22,5,2015
2015-05-30,0.279520833333333,"Mbogiti(T)",2015-05-30,22,6,2015
2015-05-31,0.274729166666667,"Mbogiti(T)",2015-05-31,22,0,2015
2015-06-01,0.272395833333333,"Mbogiti(T)",2015-06-01,23,1,2015
2015-06-02,0.309625,"Mbogiti(T)",2015-06-02,23,2,2015
2015-06-03,0.350979166666667,"Mbogiti(T)",2015-06-03,23,3,2015
2015-06-04,0.332833333333333,"Mbogiti(T)",2015-06-04,23,4,2015
2015-06-05,0.324395833333333,"Mbogiti(T)",2015-06-05,23,5,2015
2015-06-06,0.337458333333333,"Mbogiti(T)",2015-06-06,23,6,2015
2015-06-07,0.344270833333333,"Mbogiti(T)",2015-06-07,23,0,2015
2015-06-08,0.344166666666667,"Mbogiti(T)",2015-06-08,24,1,2015
2015-06-09,0.351416666666667,"Mbogiti(T)",2015-06-09,24,2,2015
2015-06-10,0.351604166666667,"Mbogiti(T)",2015-06-10,24,3,2015
2015-06-11,0.354375,"Mbogiti(T)",2015-06-11,24,4,2015
2015-06-12,0.356625,"Mbogiti(T)",2015-06-12,24,5,2015
2015-06-13,0.368645833333333,"Mbogiti(T)",2015-06-13,24,6,2015
2015-06-14,0.408,"Mbogiti(T)",2015-06-14,24,0,2015
2015-06-15,0.410458333333333,"Mbogiti(T)",2015-06-15,25,1,2015
2015-06-16,0.4130625,"Mbogiti(T)",2015-06-16,25,2,2015
2015-06-17,0.420020833333333,"Mbogiti(T)",2015-06-17,25,3,2015
2015-06-18,0.435229166666667,"Mbogiti(T)",2015-06-18,25,4,2015
2015-06-19,0.446854166666667,"Mbogiti(T)",2015-06-19,25,5,2015
2015-06-20,0.447958333333333,"Mbogiti(T)",2015-06-20,25,6,2015
2015-06-21,0.4451875,"Mbogiti(T)",2015-06-21,25,0,2015
2015-06-22,0.443083333333333,"Mbogiti(T)",2015-06-22,26,1,2015
2015-06-23,0.434645833333333,"Mbogiti(T)",2015-06-23,26,2,2015
2015-06-24,0.435895833333333,"Mbogiti(T)",2015-06-24,26,3,2015
2015-06-25,0.4311875,"Mbogiti(T)",2015-06-25,26,4,2015
2015-06-26,0.427625,"Mbogiti(T)",2015-06-26,26,5,2015
2015-06-27,0.419229166666667,"Mbogiti(T)",2015-06-27,26,6,2015
2015-06-28,0.416354166666667,"Mbogiti(T)",2015-06-28,26,0,2015
2015-06-29,0.410875,"Mbogiti(T)",2015-06-29,27,1,2015
2015-06-30,0.405083333333333,"Mbogiti(T)",2015-06-30,27,2,2015
2015-07-01,0.410020833333333,"Mbogiti(T)",2015-07-01,27,3,2015
2015-07-02,0.4120625,"Mbogiti(T)",2015-07-02,27,4,2015
2015-07-03,0.406375,"Mbogiti(T)",2015-07-03,27,5,2015
2015-07-04,0.405666666666667,"Mbogiti(T)",2015-07-04,27,6,2015
2015-07-05,0.404604166666667,"Mbogiti(T)",2015-07-05,27,0,2015
2015-07-06,0.436604166666667,"Mbogiti(T)",2015-07-06,28,1,2015
2015-07-07,0.458729166666667,"Mbogiti(T)",2015-07-07,28,2,2015
2015-07-08,0.449541666666667,"Mbogiti(T)",2015-07-08,28,3,2015
2015-07-09,0.4520625,"Mbogiti(T)",2015-07-09,28,4,2015
2015-07-10,0.366729166666667,"Mbogiti(T)",2015-07-10,28,5,2015
2015-07-11,0.264520833333333,"Mbogiti(T)",2015-07-11,28,6,2015
2015-07-12,0.253791666666667,"Mbogiti(T)",2015-07-12,28,0,2015
2015-07-13,0.2485,"Mbogiti(T)",2015-07-13,29,1,2015
2015-07-14,0.2474375,"Mbogiti(T)",2015-07-14,29,2,2015
2015-07-15,0.240041666666667,"Mbogiti(T)",2015-07-15,29,3,2015
2015-07-16,0.2311875,"Mbogiti(T)",2015-07-16,29,4,2015
2015-07-17,0.210375,"Mbogiti(T)",2015-07-17,29,5,2015
2015-07-18,0.183375,"Mbogiti(T)",2015-07-18,29,6,2015
2015-07-19,0.189041666666667,"Mbogiti(T)",2015-07-19,29,0,2015
2015-07-20,0.180520833333333,"Mbogiti(T)",2015-07-20,30,1,2015
2015-07-21,0.244,"Mbogiti(T)",2015-07-21,30,2,2015
2015-07-22,0.362354166666667,"Mbogiti(T)",2015-07-22,30,3,2015
2015-07-23,0.357125,"Mbogiti(T)",2015-07-23,30,4,2015
2015-07-24,0.361916666666667,"Mbogiti(T)",2015-07-24,30,5,2015
2015-07-25,0.3485625,"Mbogiti(T)",2015-07-25,30,6,2015
2015-07-26,0.343270833333333,"Mbogiti(T)",2015-07-26,30,0,2015
2015-07-27,0.337708333333333,"Mbogiti(T)",2015-07-27,31,1,2015
2015-07-28,0.345895833333333,"Mbogiti(T)",2015-07-28,31,2,2015
2015-07-29,0.351291666666667,"Mbogiti(T)",2015-07-29,31,3,2015
2015-07-30,0.359416666666667,"Mbogiti(T)",2015-07-30,31,4,2015
2015-07-31,0.344645833333333,"Mbogiti(T)",2015-07-31,31,5,2015
2015-08-01,0.346708333333333,"Mbogiti(T)",2015-08-01,31,6,2015
2015-08-02,0.361020833333333,"Mbogiti(T)",2015-08-02,31,0,2015
2015-08-03,0.3604375,"Mbogiti(T)",2015-08-03,32,1,2015
2015-08-04,0.357708333333333,"Mbogiti(T)",2015-08-04,32,2,2015
2015-08-05,0.355104166666667,"Mbogiti(T)",2015-08-05,32,3,2015
2015-08-06,0.3465625,"Mbogiti(T)",2015-08-06,32,4,2015
2015-08-07,0.3845,"Mbogiti(T)",2015-08-07,32,5,2015
2015-08-08,0.38125,"Mbogiti(T)",2015-08-08,32,6,2015
2015-08-09,0.373291666666667,"Mbogiti(T)",2015-08-09,32,0,2015
2015-08-10,0.356833333333333,"Mbogiti(T)",2015-08-10,33,1,2015
2015-08-11,0.33475,"Mbogiti(T)",2015-08-11,33,2,2015
2015-08-12,0.314354166666667,"Mbogiti(T)",2015-08-12,33,3,2015
2015-08-13,0.311833333333333,"Mbogiti(T)",2015-08-13,33,4,2015
2015-08-14,0.307541666666667,"Mbogiti(T)",2015-08-14,33,5,2015
2015-08-15,0.308979166666667,"Mbogiti(T)",2015-08-15,33,6,2015
2015-08-16,0.309020833333333,"Mbogiti(T)",2015-08-16,33,0,2015
2015-08-17,0.300416666666667,"Mbogiti(T)",2015-08-17,34,1,2015
2015-08-18,0.33025,"Mbogiti(T)",2015-08-18,34,2,2015
2015-08-19,0.355416666666667,"Mbogiti(T)",2015-08-19,34,3,2015
2015-08-20,0.320395833333333,"Mbogiti(T)",2015-08-20,34,4,2015
2015-08-21,0.364833333333333,"Mbogiti(T)",2015-08-21,34,5,2015
2015-08-22,0.3230625,"Mbogiti(T)",2015-08-22,34,6,2015
2015-08-23,0.380791666666667,"Mbogiti(T)",2015-08-23,34,0,2015
2015-08-24,0.412291666666667,"Mbogiti(T)",2015-08-24,35,1,2015
2015-08-25,0.387833333333333,"Mbogiti(T)",2015-08-25,35,2,2015
2015-08-26,0.295645833333333,"Mbogiti(T)",2015-08-26,35,3,2015
2015-08-27,0.290375,"Mbogiti(T)",2015-08-27,35,4,2015
2015-08-28,0.3075,"Mbogiti(T)",2015-08-28,35,5,2015
2015-08-29,0.3515625,"Mbogiti(T)",2015-08-29,35,6,2015
2015-08-30,0.361791666666667,"Mbogiti(T)",2015-08-30,35,0,2015
2015-08-31,0.342625,"Mbogiti(T)",2015-08-31,36,1,2015
2015-09-01,0.3071875,"Mbogiti(T)",2015-09-01,36,2,2015
2015-09-02,0.305166666666667,"Mbogiti(T)",2015-09-02,36,3,2015
2015-09-03,0.333895833333333,"Mbogiti(T)",2015-09-03,36,4,2015
2015-09-04,0.349270833333333,"Mbogiti(T)",2015-09-04,36,5,2015
2015-09-05,0.3403125,"Mbogiti(T)",2015-09-05,36,6,2015
2015-09-06,0.323229166666667,"Mbogiti(T)",2015-09-06,36,0,2015
2015-09-07,0.315229166666667,"Mbogiti(T)",2015-09-07,37,1,2015
2015-09-08,0.3111875,"Mbogiti(T)",2015-09-08,37,2,2015
2015-09-09,0.310354166666667,"Mbogiti(T)",2015-09-09,37,3,2015
2015-09-10,0.307291666666667,"Mbogiti(T)",2015-09-10,37,4,2015
2015-09-11,0.2965,"Mbogiti(T)",2015-09-11,37,5,2015
2015-09-12,0.294333333333333,"Mbogiti(T)",2015-09-12,37,6,2015
2015-09-13,0.303125,"Mbogiti(T)",2015-09-13,37,0,2015
2015-09-14,0.2940625,"Mbogiti(T)",2015-09-14,38,1,2015
2015-09-15,0.317854166666667,"Mbogiti(T)",2015-09-15,38,2,2015
2015-09-16,0.300020833333333,"Mbogiti(T)",2015-09-16,38,3,2015
2015-09-17,0.3251875,"Mbogiti(T)",2015-09-17,38,4,2015
2015-09-18,0.38375,"Mbogiti(T)",2015-09-18,38,5,2015
2015-09-19,0.368020833333333,"Mbogiti(T)",2015-09-19,38,6,2015
2015-09-20,0.369416666666667,"Mbogiti(T)",2015-09-20,38,0,2015
2015-09-21,0.348166666666667,"Mbogiti(T)",2015-09-21,39,1,2015
2015-09-22,0.293729166666667,"Mbogiti(T)",2015-09-22,39,2,2015
2015-09-23,0.298708333333333,"Mbogiti(T)",2015-09-23,39,3,2015
2015-09-24,0.288770833333333,"Mbogiti(T)",2015-09-24,39,4,2015
2015-09-25,0.253229166666667,"Mbogiti(T)",2015-09-25,39,5,2015
2015-09-26,0.188875,"Mbogiti(T)",2015-09-26,39,6,2015
2015-09-27,0.275104166666667,"Mbogiti(T)",2015-09-27,39,0,2015
2015-09-28,0.264875,"Mbogiti(T)",2015-09-28,40,1,2015
2015-09-29,0.254291666666667,"Mbogiti(T)",2015-09-29,40,2,2015
2015-09-30,0.265791666666667,"Mbogiti(T)",2015-09-30,40,3,2015
2015-10-01,0.2470625,"Mbogiti(T)",2015-10-01,40,4,2015
2015-10-02,0.251020833333333,"Mbogiti(T)",2015-10-02,40,5,2015
2015-10-03,0.271854166666667,"Mbogiti(T)",2015-10-03,40,6,2015
2015-10-04,0.301208333333333,"Mbogiti(T)",2015-10-04,40,0,2015
2015-10-05,0.2780625,"Mbogiti(T)",2015-10-05,41,1,2015
2015-10-06,0.283333333333333,"Mbogiti(T)",2015-10-06,41,2,2015
2015-10-07,0.278229166666667,"Mbogiti(T)",2015-10-07,41,3,2015
2015-10-08,0.26475,"Mbogiti(T)",2015-10-08,41,4,2015
2015-10-09,0.2673125,"Mbogiti(T)",2015-10-09,41,5,2015
2015-10-10,0.233729166666667,"Mbogiti(T)",2015-10-10,41,6,2015
2015-10-11,0.239854166666667,"Mbogiti(T)",2015-10-11,41,0,2015
2015-10-12,0.2489375,"Mbogiti(T)",2015-10-12,42,1,2015
2015-10-13,0.2444375,"Mbogiti(T)",2015-10-13,42,2,2015
2015-10-14,0.231833333333333,"Mbogiti(T)",2015-10-14,42,3,2015
2015-10-15,0.226833333333333,"Mbogiti(T)",2015-10-15,42,4,2015
2015-10-16,0.228333333333333,"Mbogiti(T)",2015-10-16,42,5,2015
2015-10-17,0.251145833333333,"Mbogiti(T)",2015-10-17,42,6,2015
2015-10-18,0.256020833333333,"Mbogiti(T)",2015-10-18,42,0,2015
2015-10-19,0.253708333333333,"Mbogiti(T)",2015-10-19,43,1,2015
2015-10-20,0.239166666666667,"Mbogiti(T)",2015-10-20,43,2,2015
2015-10-21,0.221958333333333,"Mbogiti(T)",2015-10-21,43,3,2015
2015-10-22,0.226291666666667,"Mbogiti(T)",2015-10-22,43,4,2015
2015-10-23,0.259520833333333,"Mbogiti(T)",2015-10-23,43,5,2015
2015-10-24,0.248666666666667,"Mbogiti(T)",2015-10-24,43,6,2015
2015-10-25,0.244708333333333,"Mbogiti(T)",2015-10-25,43,0,2015
2015-10-26,0.241854166666667,"Mbogiti(T)",2015-10-26,44,1,2015
2015-10-27,0.2361875,"Mbogiti(T)",2015-10-27,44,2,2015
2015-10-28,0.252604166666667,"Mbogiti(T)",2015-10-28,44,3,2015
2015-10-29,0.29625,"Mbogiti(T)",2015-10-29,44,4,2015
2015-10-30,0.295854166666667,"Mbogiti(T)",2015-10-30,44,5,2015
2015-10-31,0.292291666666667,"Mbogiti(T)",2015-10-31,44,6,2015
2015-11-01,0.286791666666667,"Mbogiti(T)",2015-11-01,44,0,2015
2015-11-02,0.285291666666667,"Mbogiti(T)",2015-11-02,45,1,2015
2015-11-03,0.295979166666667,"Mbogiti(T)",2015-11-03,45,2,2015
2015-11-04,0.302729166666667,"Mbogiti(T)",2015-11-04,45,3,2015
2015-11-05,0.37175,"Mbogiti(T)",2015-11-05,45,4,2015
2015-11-06,0.338125,"Mbogiti(T)",2015-11-06,45,5,2015
2015-11-07,0.312895833333333,"Mbogiti(T)",2015-11-07,45,6,2015
2015-11-08,0.313833333333333,"Mbogiti(T)",2015-11-08,45,0,2015
2015-11-09,0.3453125,"Mbogiti(T)",2015-11-09,46,1,2015
2015-11-10,0.409583333333333,"Mbogiti(T)",2015-11-10,46,2,2015
2015-11-11,0.381583333333333,"Mbogiti(T)",2015-11-11,46,3,2015
2015-11-12,0.3046875,"Mbogiti(T)",2015-11-12,46,4,2015
2015-11-13,0.225083333333333,"Mbogiti(T)",2015-11-13,46,5,2015
2015-11-14,0.23075,"Mbogiti(T)",2015-11-14,46,6,2015
2015-11-15,0.209333333333333,"Mbogiti(T)",2015-11-15,46,0,2015
2015-11-16,0.222291666666667,"Mbogiti(T)",2015-11-16,47,1,2015
2015-11-17,0.254083333333333,"Mbogiti(T)",2015-11-17,47,2,2015
2015-11-18,0.264416666666667,"Mbogiti(T)",2015-11-18,47,3,2015
2015-11-19,0.264,"Mbogiti(T)",2015-11-19,47,4,2015
2015-11-20,0.262520833333333,"Mbogiti(T)",2015-11-20,47,5,2015
2015-11-21,0.28725,"Mbogiti(T)",2015-11-21,47,6,2015
2015-11-22,0.281666666666667,"Mbogiti(T)",2015-11-22,47,0,2015
2015-11-23,0.291416666666667,"Mbogiti(T)",2015-11-23,48,1,2015
2015-11-24,0.28425,"Mbogiti(T)",2015-11-24,48,2,2015
2015-11-25,0.272416666666667,"Mbogiti(T)",2015-11-25,48,3,2015
2015-11-26,0.3083125,"Mbogiti(T)",2015-11-26,48,4,2015
2015-11-27,0.292375,"Mbogiti(T)",2015-11-27,48,5,2015
2015-11-28,0.296354166666667,"Mbogiti(T)",2015-11-28,48,6,2015
2015-11-29,0.3025625,"Mbogiti(T)",2015-11-29,48,0,2015
2015-11-30,0.3551875,"Mbogiti(T)",2015-11-30,49,1,2015
2015-12-01,0.3175,"Mbogiti(T)",2015-12-01,49,2,2015
2015-12-02,0.318020833333333,"Mbogiti(T)",2015-12-02,49,3,2015
2015-12-03,0.377791666666667,"Mbogiti(T)",2015-12-03,49,4,2015
2015-12-04,0.436,"Mbogiti(T)",2015-12-04,49,5,2015
2015-12-05,0.430270833333333,"Mbogiti(T)",2015-12-05,49,6,2015
2015-12-06,0.431,"Mbogiti(T)",2015-12-06,49,0,2015
2015-12-07,0.42775,"Mbogiti(T)",2015-12-07,50,1,2015
2015-12-08,0.419854166666667,"Mbogiti(T)",2015-12-08,50,2,2015
2015-12-09,0.410520833333333,"Mbogiti(T)",2015-12-09,50,3,2015
2015-12-10,0.40325,"Mbogiti(T)",2015-12-10,50,4,2015
2015-12-11,0.390416666666667,"Mbogiti(T)",2015-12-11,50,5,2015
2015-12-12,0.373166666666667,"Mbogiti(T)",2015-12-12,50,6,2015
2015-12-13,0.363291666666667,"Mbogiti(T)",2015-12-13,50,0,2015
2015-12-14,0.365541666666667,"Mbogiti(T)",2015-12-14,51,1,2015
2015-12-15,0.375208333333333,"Mbogiti(T)",2015-12-15,51,2,2015
2015-12-16,0.379833333333333,"Mbogiti(T)",2015-12-16,51,3,2015
2015-12-17,0.3691875,"Mbogiti(T)",2015-12-17,51,4,2015
2015-12-18,0.362833333333333,"Mbogiti(T)",2015-12-18,51,5,2015
2015-12-19,0.360979166666667,"Mbogiti(T)",2015-12-19,51,6,2015
2015-12-20,0.355916666666667,"Mbogiti(T)",2015-12-20,51,0,2015
2015-12-21,0.3484375,"Mbogiti(T)",2015-12-21,52,1,2015
2015-12-22,0.345916666666667,"Mbogiti(T)",2015-12-22,52,2,2015
2015-12-23,0.344875,"Mbogiti(T)",2015-12-23,52,3,2015
2015-12-24,0.340520833333333,"Mbogiti(T)",2015-12-24,52,4,2015
2015-12-25,0.341583333333333,"Mbogiti(T)",2015-12-25,52,5,2015
2015-12-26,0.3256875,"Mbogiti(T)",2015-12-26,52,6,2015
2015-12-27,0.331333333333333,"Mbogiti(T)",2015-12-27,52,0,2015
2015-12-28,0.329,"Mbogiti(T)",2015-12-28,53,1,2015
2015-12-29,0.326208333333333,"Mbogiti(T)",2015-12-29,53,2,2015
2015-12-30,0.316625,"Mbogiti(T)",2015-12-30,53,3,2015
2015-12-31,0.362541666666667,"Mbogiti(T)",2015-12-31,53,4,2015
2016-01-01,0.418229166666667,"Mbogiti(T)",2016-01-01,53,5,2016
2016-01-02,0.4201875,"Mbogiti(T)",2016-01-02,53,6,2016
2016-01-03,0.405854166666667,"Mbogiti(T)",2016-01-03,53,0,2016
2016-01-04,0.421458333333333,"Mbogiti(T)",2016-01-04,1,1,2016
2016-01-05,0.401770833333333,"Mbogiti(T)",2016-01-05,1,2,2016
2016-01-06,0.366895833333333,"Mbogiti(T)",2016-01-06,1,3,2016
2016-01-07,0.368208333333333,"Mbogiti(T)",2016-01-07,1,4,2016
2016-01-08,0.3734375,"Mbogiti(T)",2016-01-08,1,5,2016
2016-01-09,0.354604166666667,"Mbogiti(T)",2016-01-09,1,6,2016
2016-01-10,0.354729166666667,"Mbogiti(T)",2016-01-10,1,0,2016
2016-01-11,0.361104166666667,"Mbogiti(T)",2016-01-11,2,1,2016
2016-01-12,0.354979166666667,"Mbogiti(T)",2016-01-12,2,2,2016
2016-01-13,0.346916666666667,"Mbogiti(T)",2016-01-13,2,3,2016
2016-01-14,0.3615625,"Mbogiti(T)",2016-01-14,2,4,2016
2016-01-15,0.383958333333333,"Mbogiti(T)",2016-01-15,2,5,2016
2016-01-16,0.390333333333333,"Mbogiti(T)",2016-01-16,2,6,2016
2016-01-17,0.390625,"Mbogiti(T)",2016-01-17,2,0,2016
2016-01-18,0.383145833333333,"Mbogiti(T)",2016-01-18,3,1,2016
2016-01-19,0.365479166666667,"Mbogiti(T)",2016-01-19,3,2,2016
2016-01-20,0.349145833333333,"Mbogiti(T)",2016-01-20,3,3,2016
2016-01-21,0.342229166666667,"Mbogiti(T)",2016-01-21,3,4,2016
2016-01-22,0.331895833333333,"Mbogiti(T)",2016-01-22,3,5,2016
2016-01-23,0.3281875,"Mbogiti(T)",2016-01-23,3,6,2016
2016-01-24,0.337979166666667,"Mbogiti(T)",2016-01-24,3,0,2016
2016-01-25,0.334125,"Mbogiti(T)",2016-01-25,4,1,2016
2016-01-26,0.327229166666667,"Mbogiti(T)",2016-01-26,4,2,2016
2016-01-27,0.3255,"Mbogiti(T)",2016-01-27,4,3,2016
2016-01-28,0.3285625,"Mbogiti(T)",2016-01-28,4,4,2016
2016-01-29,0.318583333333333,"Mbogiti(T)",2016-01-29,4,5,2016
2016-01-30,0.3154375,"Mbogiti(T)",2016-01-30,4,6,2016
2016-01-31,0.313291666666667,"Mbogiti(T)",2016-01-31,4,0,2016
2016-02-01,0.305,"Mbogiti(T)",2016-02-01,5,1,2016
2016-02-02,0.3118125,"Mbogiti(T)",2016-02-02,5,2,2016
2016-02-03,0.317979166666667,"Mbogiti(T)",2016-02-03,5,3,2016
2016-02-04,0.302270833333333,"Mbogiti(T)",2016-02-04,5,4,2016
2016-02-05,0.296583333333333,"Mbogiti(T)",2016-02-05,5,5,2016
2016-02-06,0.287791666666667,"Mbogiti(T)",2016-02-06,5,6,2016
2016-02-07,0.290520833333333,"Mbogiti(T)",2016-02-07,5,0,2016
2016-02-08,0.326229166666667,"Mbogiti(T)",2016-02-08,6,1,2016
2016-02-09,0.362229166666667,"Mbogiti(T)",2016-02-09,6,2,2016
2016-02-10,0.35025,"Mbogiti(T)",2016-02-10,6,3,2016
2016-02-11,0.353666666666667,"Mbogiti(T)",2016-02-11,6,4,2016
2016-02-12,0.351479166666667,"Mbogiti(T)",2016-02-12,6,5,2016
2016-02-13,0.344895833333333,"Mbogiti(T)",2016-02-13,6,6,2016
2016-02-14,0.349604166666667,"Mbogiti(T)",2016-02-14,6,0,2016
2016-02-15,0.352458333333333,"Mbogiti(T)",2016-02-15,7,1,2016
2016-02-16,0.355833333333333,"Mbogiti(T)",2016-02-16,7,2,2016
2016-02-17,0.345791666666667,"Mbogiti(T)",2016-02-17,7,3,2016
2016-02-18,0.334479166666667,"Mbogiti(T)",2016-02-18,7,4,2016
2016-02-19,0.340125,"Mbogiti(T)",2016-02-19,7,5,2016
2016-02-20,0.337083333333333,"Mbogiti(T)",2016-02-20,7,6,2016
2016-02-21,0.329458333333333,"Mbogiti(T)",2016-02-21,7,0,2016
2016-02-22,0.326229166666667,"Mbogiti(T)",2016-02-22,8,1,2016
2016-02-23,0.334375,"Mbogiti(T)",2016-02-23,8,2,2016
2016-02-24,0.333270833333333,"Mbogiti(T)",2016-02-24,8,3,2016
2016-02-25,0.330958333333333,"Mbogiti(T)",2016-02-25,8,4,2016
2016-02-26,0.342333333333333,"Mbogiti(T)",2016-02-26,8,5,2016
2016-02-27,0.345729166666667,"Mbogiti(T)",2016-02-27,8,6,2016
2016-02-28,0.353666666666667,"Mbogiti(T)",2016-02-28,8,0,2016
2016-02-29,0.361666666666667,"Mbogiti(T)",2016-02-29,9,1,2016
2016-03-01,0.356208333333333,"Mbogiti(T)",2016-03-01,9,2,2016
2016-03-02,0.355145833333333,"Mbogiti(T)",2016-03-02,9,3,2016
2016-03-03,0.355333333333333,"Mbogiti(T)",2016-03-03,9,4,2016
2016-03-04,0.350104166666667,"Mbogiti(T)",2016-03-04,9,5,2016
2016-03-05,0.335,"Mbogiti(T)",2016-03-05,9,6,2016
2016-03-06,0.32225,"Mbogiti(T)",2016-03-06,9,0,2016
2016-03-07,0.314458333333333,"Mbogiti(T)",2016-03-07,10,1,2016
2016-03-08,0.309020833333333,"Mbogiti(T)",2016-03-08,10,2,2016
2016-03-09,0.3155,"Mbogiti(T)",2016-03-09,10,3,2016
2016-03-10,0.332416666666667,"Mbogiti(T)",2016-03-10,10,4,2016
2016-03-11,0.32925,"Mbogiti(T)",2016-03-11,10,5,2016
2016-03-12,0.336854166666667,"Mbogiti(T)",2016-03-12,10,6,2016
2016-03-13,0.3293125,"Mbogiti(T)",2016-03-13,10,0,2016
2016-03-14,0.333666666666667,"Mbogiti(T)",2016-03-14,11,1,2016
2016-03-15,0.339416666666667,"Mbogiti(T)",2016-03-15,11,2,2016
2016-03-16,0.344520833333333,"Mbogiti(T)",2016-03-16,11,3,2016
2016-03-17,0.3318125,"Mbogiti(T)",2016-03-17,11,4,2016
2016-03-18,0.341770833333333,"Mbogiti(T)",2016-03-18,11,5,2016
2016-03-19,0.3480625,"Mbogiti(T)",2016-03-19,11,6,2016
2016-03-20,0.341708333333333,"Mbogiti(T)",2016-03-20,11,0,2016
2016-03-21,0.342125,"Mbogiti(T)",2016-03-21,12,1,2016
2016-03-22,0.347041666666667,"Mbogiti(T)",2016-03-22,12,2,2016
2016-03-23,0.3401875,"Mbogiti(T)",2016-03-23,12,3,2016
2016-03-24,0.3460625,"Mbogiti(T)",2016-03-24,12,4,2016
2016-03-25,0.3615625,"Mbogiti(T)",2016-03-25,12,5,2016
2016-03-26,0.3624375,"Mbogiti(T)",2016-03-26,12,6,2016
2016-03-27,0.3574375,"Mbogiti(T)",2016-03-27,12,0,2016
2016-03-28,0.3459375,"Mbogiti(T)",2016-03-28,13,1,2016
2016-03-29,0.343541666666667,"Mbogiti(T)",2016-03-29,13,2,2016
2016-03-30,0.3463125,"Mbogiti(T)",2016-03-30,13,3,2016
2016-03-31,0.334875,"Mbogiti(T)",2016-03-31,13,4,2016
2016-04-01,0.328020833333333,"Mbogiti(T)",2016-04-01,13,5,2016
2016-04-02,0.344354166666667,"Mbogiti(T)",2016-04-02,13,6,2016
2016-04-03,0.361875,"Mbogiti(T)",2016-04-03,13,0,2016
2016-04-04,0.3576875,"Mbogiti(T)",2016-04-04,14,1,2016
2016-04-05,0.3564375,"Mbogiti(T)",2016-04-05,14,2,2016
2016-04-06,0.3005,"Mbogiti(T)",2016-04-06,14,3,2016
2016-04-07,0.273333333333333,"Mbogiti(T)",2016-04-07,14,4,2016
2016-04-08,0.272104166666667,"Mbogiti(T)",2016-04-08,14,5,2016
2016-04-09,0.266583333333333,"Mbogiti(T)",2016-04-09,14,6,2016
2016-04-10,0.264395833333333,"Mbogiti(T)",2016-04-10,14,0,2016
2016-04-11,0.279791666666667,"Mbogiti(T)",2016-04-11,15,1,2016
2016-04-12,0.2938125,"Mbogiti(T)",2016-04-12,15,2,2016
2016-04-13,0.280479166666667,"Mbogiti(T)",2016-04-13,15,3,2016
2016-04-14,0.263645833333333,"Mbogiti(T)",2016-04-14,15,4,2016
2016-04-15,0.264895833333333,"Mbogiti(T)",2016-04-15,15,5,2016
2016-04-16,0.272375,"Mbogiti(T)",2016-04-16,15,6,2016
2016-04-17,0.290791666666667,"Mbogiti(T)",2016-04-17,15,0,2016
2016-04-18,0.274645833333333,"Mbogiti(T)",2016-04-18,16,1,2016
2016-04-19,0.275291666666667,"Mbogiti(T)",2016-04-19,16,2,2016
2016-04-20,0.369125,"Mbogiti(T)",2016-04-20,16,3,2016
2016-04-21,0.368145833333333,"Mbogiti(T)",2016-04-21,16,4,2016
2016-04-22,0.342520833333333,"Mbogiti(T)",2016-04-22,16,5,2016
2016-04-23,0.317229166666667,"Mbogiti(T)",2016-04-23,16,6,2016
2016-04-24,0.297958333333333,"Mbogiti(T)",2016-04-24,16,0,2016
2016-04-25,0.306708333333333,"Mbogiti(T)",2016-04-25,17,1,2016
2016-04-26,0.367083333333333,"Mbogiti(T)",2016-04-26,17,2,2016
2016-04-27,0.334020833333333,"Mbogiti(T)",2016-04-27,17,3,2016
2016-04-28,0.328104166666667,"Mbogiti(T)",2016-04-28,17,4,2016
2016-04-29,0.325833333333333,"Mbogiti(T)",2016-04-29,17,5,2016
2016-04-30,0.348791666666667,"Mbogiti(T)",2016-04-30,17,6,2016
2016-05-01,0.393479166666667,"Mbogiti(T)",2016-05-01,17,0,2016
2016-05-02,0.3791875,"Mbogiti(T)",2016-05-02,18,1,2016
2016-05-03,0.378666666666667,"Mbogiti(T)",2016-05-03,18,2,2016
2016-05-04,0.3779375,"Mbogiti(T)",2016-05-04,18,3,2016
2016-05-05,0.379541666666667,"Mbogiti(T)",2016-05-05,18,4,2016
2016-05-06,0.437333333333333,"Mbogiti(T)",2016-05-06,18,5,2016
2016-05-07,0.436875,"Mbogiti(T)",2016-05-07,18,6,2016
2016-05-08,0.483854166666667,"Mbogiti(T)",2016-05-08,18,0,2016
2016-05-09,0.457833333333333,"Mbogiti(T)",2016-05-09,19,1,2016
2016-05-10,0.5128125,"Mbogiti(T)",2016-05-10,19,2,2016
2016-05-11,0.529333333333333,"Mbogiti(T)",2016-05-11,19,3,2016
2016-05-12,0.515875,"Mbogiti(T)",2016-05-12,19,4,2016
2016-05-13,0.515,"Mbogiti(T)",2016-05-13,19,5,2016
2016-05-14,0.511520833333333,"Mbogiti(T)",2016-05-14,19,6,2016
2016-05-15,0.463479166666667,"Mbogiti(T)",2016-05-15,19,0,2016
2016-05-16,0.459,"Mbogiti(T)",2016-05-16,20,1,2016
2016-05-17,0.451104166666667,"Mbogiti(T)",2016-05-17,20,2,2016
2016-05-18,0.460041666666667,"Mbogiti(T)",2016-05-18,20,3,2016
2016-05-19,0.471125,"Mbogiti(T)",2016-05-19,20,4,2016
2016-05-20,0.452395833333333,"Mbogiti(T)",2016-05-20,20,5,2016
2016-05-21,0.440125,"Mbogiti(T)",2016-05-21,20,6,2016
2016-05-22,0.443083333333333,"Mbogiti(T)",2016-05-22,20,0,2016
2016-05-23,0.448020833333333,"Mbogiti(T)",2016-05-23,21,1,2016
2016-05-24,0.449604166666667,"Mbogiti(T)",2016-05-24,21,2,2016
2016-05-25,0.445104166666667,"Mbogiti(T)",2016-05-25,21,3,2016
2016-05-26,0.439666666666667,"Mbogiti(T)",2016-05-26,21,4,2016
2016-05-27,0.44475,"Mbogiti(T)",2016-05-27,21,5,2016
2016-05-28,0.436625,"Mbogiti(T)",2016-05-28,21,6,2016
2016-05-29,0.427229166666667,"Mbogiti(T)",2016-05-29,21,0,2016
2016-05-30,0.3981875,"Mbogiti(T)",2016-05-30,22,1,2016
2016-05-31,0.385125,"Mbogiti(T)",2016-05-31,22,2,2016
2016-06-01,0.381479166666667,"Mbogiti(T)",2016-06-01,22,3,2016
2016-06-02,0.3711875,"Mbogiti(T)",2016-06-02,22,4,2016
2016-06-03,0.3576875,"Mbogiti(T)",2016-06-03,22,5,2016
2016-06-04,0.3493125,"Mbogiti(T)",2016-06-04,22,6,2016
2016-06-05,0.353166666666667,"Mbogiti(T)",2016-06-05,22,0,2016
2016-06-06,0.354625,"Mbogiti(T)",2016-06-06,23,1,2016
2016-06-07,0.355104166666667,"Mbogiti(T)",2016-06-07,23,2,2016
2016-06-08,0.348,"Mbogiti(T)",2016-06-08,23,3,2016
2016-06-09,0.3504375,"Mbogiti(T)",2016-06-09,23,4,2016
2016-06-10,0.3444375,"Mbogiti(T)",2016-06-10,23,5,2016
2016-06-11,0.341625,"Mbogiti(T)",2016-06-11,23,6,2016
2016-06-12,0.340604166666667,"Mbogiti(T)",2016-06-12,23,0,2016
2016-06-13,0.335416666666667,"Mbogiti(T)",2016-06-13,24,1,2016
2016-06-14,0.339083333333333,"Mbogiti(T)",2016-06-14,24,2,2016
2016-06-15,0.335458333333333,"Mbogiti(T)",2016-06-15,24,3,2016
2016-06-16,0.322395833333333,"Mbogiti(T)",2016-06-16,24,4,2016
2016-06-17,0.3318125,"Mbogiti(T)",2016-06-17,24,5,2016
2016-06-18,0.3429375,"Mbogiti(T)",2016-06-18,24,6,2016
2016-06-19,0.328416666666667,"Mbogiti(T)",2016-06-19,24,0,2016
2016-06-20,0.3221875,"Mbogiti(T)",2016-06-20,25,1,2016
2016-06-21,0.320041666666667,"Mbogiti(T)",2016-06-21,25,2,2016
2016-06-22,0.32725,"Mbogiti(T)",2016-06-22,25,3,2016
2016-06-23,0.3223125,"Mbogiti(T)",2016-06-23,25,4,2016
2016-06-24,0.315916666666667,"Mbogiti(T)",2016-06-24,25,5,2016
2016-06-25,0.3181875,"Mbogiti(T)",2016-06-25,25,6,2016
2016-06-26,0.3251875,"Mbogiti(T)",2016-06-26,25,0,2016
2016-06-27,0.316416666666667,"Mbogiti(T)",2016-06-27,26,1,2016
2016-06-28,0.306104166666667,"Mbogiti(T)",2016-06-28,26,2,2016
2016-06-29,0.304625,"Mbogiti(T)",2016-06-29,26,3,2016
2016-06-30,0.307270833333333,"Mbogiti(T)",2016-06-30,26,4,2016
2016-07-01,0.30525,"Mbogiti(T)",2016-07-01,26,5,2016
2016-07-02,0.292729166666667,"Mbogiti(T)",2016-07-02,26,6,2016
2016-07-03,0.282291666666667,"Mbogiti(T)",2016-07-03,26,0,2016
2016-07-04,0.282229166666667,"Mbogiti(T)",2016-07-04,27,1,2016
2016-07-05,0.273145833333333,"Mbogiti(T)",2016-07-05,27,2,2016
2016-07-06,0.269270833333333,"Mbogiti(T)",2016-07-06,27,3,2016
2016-07-07,0.270458333333333,"Mbogiti(T)",2016-07-07,27,4,2016
2016-07-08,0.281854166666667,"Mbogiti(T)",2016-07-08,27,5,2016
2016-07-09,0.280291666666667,"Mbogiti(T)",2016-07-09,27,6,2016
2016-07-10,0.273729166666667,"Mbogiti(T)",2016-07-10,27,0,2016
2016-07-11,0.274854166666667,"Mbogiti(T)",2016-07-11,28,1,2016
2016-07-12,0.313645833333333,"Mbogiti(T)",2016-07-12,28,2,2016
2016-07-13,0.3555,"Mbogiti(T)",2016-07-13,28,3,2016
2016-07-14,0.351083333333333,"Mbogiti(T)",2016-07-14,28,4,2016
2016-07-15,0.346854166666667,"Mbogiti(T)",2016-07-15,28,5,2016
2016-07-16,0.349083333333333,"Mbogiti(T)",2016-07-16,28,6,2016
2016-07-17,0.357354166666667,"Mbogiti(T)",2016-07-17,28,0,2016
2016-07-18,0.351604166666667,"Mbogiti(T)",2016-07-18,29,1,2016
2016-07-19,0.347145833333333,"Mbogiti(T)",2016-07-19,29,2,2016
2016-07-20,0.350458333333333,"Mbogiti(T)",2016-07-20,29,3,2016
2016-07-21,0.414645833333333,"Mbogiti(T)",2016-07-21,29,4,2016
2016-07-22,0.4616875,"Mbogiti(T)",2016-07-22,29,5,2016
2016-07-23,0.455125,"Mbogiti(T)",2016-07-23,29,6,2016
2016-07-24,0.458458333333333,"Mbogiti(T)",2016-07-24,29,0,2016
2016-07-25,0.444583333333333,"Mbogiti(T)",2016-07-25,30,1,2016
2016-07-26,0.376083333333333,"Mbogiti(T)",2016-07-26,30,2,2016
2016-07-27,0.369833333333333,"Mbogiti(T)",2016-07-27,30,3,2016
2016-07-28,0.3770625,"Mbogiti(T)",2016-07-28,30,4,2016
2016-07-29,0.373083333333333,"Mbogiti(T)",2016-07-29,30,5,2016
2016-07-30,0.369375,"Mbogiti(T)",2016-07-30,30,6,2016
2016-07-31,0.371458333333333,"Mbogiti(T)",2016-07-31,30,0,2016
2016-08-01,0.374520833333333,"Mbogiti(T)",2016-08-01,31,1,2016
2016-08-02,0.370791666666667,"Mbogiti(T)",2016-08-02,31,2,2016
2016-08-03,0.358708333333333,"Mbogiti(T)",2016-08-03,31,3,2016
2016-08-04,0.368208333333333,"Mbogiti(T)",2016-08-04,31,4,2016
2016-08-05,0.374395833333333,"Mbogiti(T)",2016-08-05,31,5,2016
2016-08-06,0.387729166666667,"Mbogiti(T)",2016-08-06,31,6,2016
2016-08-07,0.390041666666667,"Mbogiti(T)",2016-08-07,31,0,2016
2016-08-08,0.397604166666667,"Mbogiti(T)",2016-08-08,32,1,2016
2016-08-09,0.404541666666667,"Mbogiti(T)",2016-08-09,32,2,2016
2016-08-10,0.415875,"Mbogiti(T)",2016-08-10,32,3,2016
2016-08-11,0.394854166666667,"Mbogiti(T)",2016-08-11,32,4,2016
2016-08-12,0.383666666666667,"Mbogiti(T)",2016-08-12,32,5,2016
2016-08-13,0.3833125,"Mbogiti(T)",2016-08-13,32,6,2016
2016-08-14,0.382479166666667,"Mbogiti(T)",2016-08-14,32,0,2016
2016-08-15,0.383791666666667,"Mbogiti(T)",2016-08-15,33,1,2016
2016-08-16,0.385729166666667,"Mbogiti(T)",2016-08-16,33,2,2016
2016-08-17,0.375229166666667,"Mbogiti(T)",2016-08-17,33,3,2016
2016-08-18,0.364125,"Mbogiti(T)",2016-08-18,33,4,2016
2016-08-19,0.358833333333333,"Mbogiti(T)",2016-08-19,33,5,2016
2016-08-20,0.359770833333333,"Mbogiti(T)",2016-08-20,33,6,2016
2016-08-21,0.3753125,"Mbogiti(T)",2016-08-21,33,0,2016
2016-08-22,0.395208333333333,"Mbogiti(T)",2016-08-22,34,1,2016
2016-08-23,0.397166666666667,"Mbogiti(T)",2016-08-23,34,2,2016
2016-08-24,0.397375,"Mbogiti(T)",2016-08-24,34,3,2016
2016-08-25,0.3866875,"Mbogiti(T)",2016-08-25,34,4,2016
2016-08-26,0.3893125,"Mbogiti(T)",2016-08-26,34,5,2016
2016-08-27,0.3934375,"Mbogiti(T)",2016-08-27,34,6,2016
2016-08-28,0.394,"Mbogiti(T)",2016-08-28,34,0,2016
2016-08-29,0.392333333333333,"Mbogiti(T)",2016-08-29,35,1,2016
2016-08-30,0.396083333333333,"Mbogiti(T)",2016-08-30,35,2,2016
2016-08-31,0.401,"Mbogiti(T)",2016-08-31,35,3,2016
2016-09-01,0.406104166666667,"Mbogiti(T)",2016-09-01,35,4,2016
2016-09-02,0.397895833333333,"Mbogiti(T)",2016-09-02,35,5,2016
2016-09-03,0.394791666666667,"Mbogiti(T)",2016-09-03,35,6,2016
2016-09-04,0.400666666666667,"Mbogiti(T)",2016-09-04,35,0,2016
2016-09-05,0.406208333333333,"Mbogiti(T)",2016-09-05,36,1,2016
2016-09-06,0.4184375,"Mbogiti(T)",2016-09-06,36,2,2016
2016-09-07,0.4413125,"Mbogiti(T)",2016-09-07,36,3,2016
2016-09-08,0.451541666666667,"Mbogiti(T)",2016-09-08,36,4,2016
2016-09-09,0.460708333333333,"Mbogiti(T)",2016-09-09,36,5,2016
2016-09-10,0.479375,"Mbogiti(T)",2016-09-10,36,6,2016
2016-09-11,0.473229166666667,"Mbogiti(T)",2016-09-11,36,0,2016
2016-09-12,0.463270833333333,"Mbogiti(T)",2016-09-12,37,1,2016
2016-09-13,0.474583333333333,"Mbogiti(T)",2016-09-13,37,2,2016
2016-09-14,0.482208333333333,"Mbogiti(T)",2016-09-14,37,3,2016
2016-09-15,0.490583333333333,"Mbogiti(T)",2016-09-15,37,4,2016
2016-09-16,0.490229166666667,"Mbogiti(T)",2016-09-16,37,5,2016
2016-09-17,0.496270833333333,"Mbogiti(T)",2016-09-17,37,6,2016
2016-09-18,0.502416666666667,"Mbogiti(T)",2016-09-18,37,0,2016
2016-09-19,0.484979166666667,"Mbogiti(T)",2016-09-19,38,1,2016
2016-09-20,0.479395833333333,"Mbogiti(T)",2016-09-20,38,2,2016
2016-09-21,0.480645833333333,"Mbogiti(T)",2016-09-21,38,3,2016
2016-09-22,0.495229166666667,"Mbogiti(T)",2016-09-22,38,4,2016
2016-09-23,0.495604166666667,"Mbogiti(T)",2016-09-23,38,5,2016
2016-09-24,0.484520833333333,"Mbogiti(T)",2016-09-24,38,6,2016
2016-09-25,0.479354166666667,"Mbogiti(T)",2016-09-25,38,0,2016
2016-09-26,0.488083333333333,"Mbogiti(T)",2016-09-26,39,1,2016
2016-09-27,0.4915625,"Mbogiti(T)",2016-09-27,39,2,2016
2016-09-28,0.503583333333333,"Mbogiti(T)",2016-09-28,39,3,2016
2016-09-29,0.511791666666667,"Mbogiti(T)",2016-09-29,39,4,2016
2016-09-30,0.496666666666667,"Mbogiti(T)",2016-09-30,39,5,2016
2016-10-01,0.480770833333333,"Mbogiti(T)",2016-10-01,39,6,2016
2016-10-02,0.48525,"Mbogiti(T)",2016-10-02,39,0,2016
2016-10-03,0.495729166666667,"Mbogiti(T)",2016-10-03,40,1,2016
2016-10-04,0.504270833333333,"Mbogiti(T)",2016-10-04,40,2,2016
2016-10-05,0.50825,"Mbogiti(T)",2016-10-05,40,3,2016
2016-10-06,0.5013125,"Mbogiti(T)",2016-10-06,40,4,2016
2016-10-07,0.4974375,"Mbogiti(T)",2016-10-07,40,5,2016
2016-10-08,0.5023125,"Mbogiti(T)",2016-10-08,40,6,2016
2016-10-09,0.506395833333333,"Mbogiti(T)",2016-10-09,40,0,2016
2016-10-10,0.5124375,"Mbogiti(T)",2016-10-10,41,1,2016
2016-10-11,0.5000625,"Mbogiti(T)",2016-10-11,41,2,2016
2016-10-12,0.47675,"Mbogiti(T)",2016-10-12,41,3,2016
2016-10-13,0.4746875,"Mbogiti(T)",2016-10-13,41,4,2016
2016-10-14,0.481208333333333,"Mbogiti(T)",2016-10-14,41,5,2016
2016-10-15,0.472979166666667,"Mbogiti(T)",2016-10-15,41,6,2016
2016-10-16,0.462895833333333,"Mbogiti(T)",2016-10-16,41,0,2016
2016-10-17,0.462916666666667,"Mbogiti(T)",2016-10-17,42,1,2016
2016-10-18,0.459854166666667,"Mbogiti(T)",2016-10-18,42,2,2016
2016-10-19,0.456791666666667,"Mbogiti(T)",2016-10-19,42,3,2016
2016-10-20,0.454875,"Mbogiti(T)",2016-10-20,42,4,2016
2016-10-21,0.455125,"Mbogiti(T)",2016-10-21,42,5,2016
2016-10-22,0.451833333333333,"Mbogiti(T)",2016-10-22,42,6,2016
2016-10-23,0.448354166666667,"Mbogiti(T)",2016-10-23,42,0,2016
2016-10-24,0.454604166666667,"Mbogiti(T)",2016-10-24,43,1,2016
2016-10-25,0.508458333333333,"Mbogiti(T)",2016-10-25,43,2,2016
2016-10-26,0.481458333333333,"Mbogiti(T)",2016-10-26,43,3,2016
2016-10-27,0.517541666666667,"Mbogiti(T)",2016-10-27,43,4,2016
2016-10-28,0.549375,"Mbogiti(T)",2016-10-28,43,5,2016
2016-10-29,0.5370625,"Mbogiti(T)",2016-10-29,43,6,2016
2016-10-30,0.52325,"Mbogiti(T)",2016-10-30,43,0,2016
2016-10-31,0.521895833333333,"Mbogiti(T)",2016-10-31,44,1,2016
2016-11-01,0.534458333333333,"Mbogiti(T)",2016-11-01,44,2,2016
2016-11-02,0.5356875,"Mbogiti(T)",2016-11-02,44,3,2016
2016-11-03,0.557291666666667,"Mbogiti(T)",2016-11-03,44,4,2016
2016-11-04,0.507666666666667,"Mbogiti(T)",2016-11-04,44,5,2016
2016-11-05,0.411270833333333,"Mbogiti(T)",2016-11-05,44,6,2016
2016-11-06,0.402,"Mbogiti(T)",2016-11-06,44,0,2016
2016-11-07,0.446375,"Mbogiti(T)",2016-11-07,45,1,2016
2016-11-08,0.465229166666667,"Mbogiti(T)",2016-11-08,45,2,2016
2016-11-09,0.43975,"Mbogiti(T)",2016-11-09,45,3,2016
2016-11-10,0.4198125,"Mbogiti(T)",2016-11-10,45,4,2016
2016-11-11,0.404104166666667,"Mbogiti(T)",2016-11-11,45,5,2016
2016-11-12,0.404270833333333,"Mbogiti(T)",2016-11-12,45,6,2016
2016-11-13,0.4151875,"Mbogiti(T)",2016-11-13,45,0,2016
2016-11-14,0.425395833333333,"Mbogiti(T)",2016-11-14,46,1,2016
2016-11-15,0.451520833333333,"Mbogiti(T)",2016-11-15,46,2,2016
2016-11-16,0.448645833333333,"Mbogiti(T)",2016-11-16,46,3,2016
2016-11-17,0.442104166666667,"Mbogiti(T)",2016-11-17,46,4,2016
2016-11-18,0.4355625,"Mbogiti(T)",2016-11-18,46,5,2016
2016-11-19,0.452979166666667,"Mbogiti(T)",2016-11-19,46,6,2016
2016-11-20,0.455041666666667,"Mbogiti(T)",2016-11-20,46,0,2016
2016-11-21,0.462729166666667,"Mbogiti(T)",2016-11-21,47,1,2016
2016-11-22,0.48425,"Mbogiti(T)",2016-11-22,47,2,2016
2016-11-23,0.473583333333333,"Mbogiti(T)",2016-11-23,47,3,2016
2016-11-24,0.484229166666667,"Mbogiti(T)",2016-11-24,47,4,2016
2016-11-25,0.4796875,"Mbogiti(T)",2016-11-25,47,5,2016
2016-11-26,0.4951875,"Mbogiti(T)",2016-11-26,47,6,2016
2016-11-27,0.5095625,"Mbogiti(T)",2016-11-27,47,0,2016
2016-11-28,0.473208333333333,"Mbogiti(T)",2016-11-28,48,1,2016
2016-11-29,0.480479166666667,"Mbogiti(T)",2016-11-29,48,2,2016
2016-11-30,0.4790625,"Mbogiti(T)",2016-11-30,48,3,2016
2016-12-01,0.477770833333333,"Mbogiti(T)",2016-12-01,48,4,2016
2016-12-02,0.480083333333333,"Mbogiti(T)",2016-12-02,48,5,2016
2016-12-03,0.478270833333333,"Mbogiti(T)",2016-12-03,48,6,2016
2016-12-04,0.457416666666667,"Mbogiti(T)",2016-12-04,48,0,2016
2016-12-05,0.451020833333333,"Mbogiti(T)",2016-12-05,49,1,2016
2016-12-06,0.449354166666667,"Mbogiti(T)",2016-12-06,49,2,2016
2016-12-07,0.462875,"Mbogiti(T)",2016-12-07,49,3,2016
2016-12-08,0.477645833333333,"Mbogiti(T)",2016-12-08,49,4,2016
2016-12-09,0.47525,"Mbogiti(T)",2016-12-09,49,5,2016
2016-12-10,0.469229166666667,"Mbogiti(T)",2016-12-10,49,6,2016
2016-12-11,0.471854166666667,"Mbogiti(T)",2016-12-11,49,0,2016
2016-12-12,0.475666666666667,"Mbogiti(T)",2016-12-12,50,1,2016
2016-12-13,0.4740625,"Mbogiti(T)",2016-12-13,50,2,2016
2016-12-14,0.470458333333333,"Mbogiti(T)",2016-12-14,50,3,2016
2016-12-15,0.425375,"Mbogiti(T)",2016-12-15,50,4,2016
2016-12-16,0.332958333333333,"Mbogiti(T)",2016-12-16,50,5,2016
2016-12-17,0.3353125,"Mbogiti(T)",2016-12-17,50,6,2016
2016-12-18,0.327166666666667,"Mbogiti(T)",2016-12-18,50,0,2016
2016-12-19,0.330083333333333,"Mbogiti(T)",2016-12-19,51,1,2016
2016-12-20,0.326916666666667,"Mbogiti(T)",2016-12-20,51,2,2016
2016-12-21,0.344833333333333,"Mbogiti(T)",2016-12-21,51,3,2016
2016-12-22,0.356958333333333,"Mbogiti(T)",2016-12-22,51,4,2016
2016-12-23,0.362729166666667,"Mbogiti(T)",2016-12-23,51,5,2016
2016-12-24,0.359208333333333,"Mbogiti(T)",2016-12-24,51,6,2016
2016-12-25,0.3785,"Mbogiti(T)",2016-12-25,51,0,2016
2016-12-26,0.391916666666667,"Mbogiti(T)",2016-12-26,52,1,2016
2016-12-27,0.399375,"Mbogiti(T)",2016-12-27,52,2,2016
2016-12-28,0.4036875,"Mbogiti(T)",2016-12-28,52,3,2016
2016-12-29,0.403104166666667,"Mbogiti(T)",2016-12-29,52,4,2016
2016-12-30,0.4228125,"Mbogiti(T)",2016-12-30,52,5,2016
2016-12-31,0.423354166666667,"Mbogiti(T)",2016-12-31,52,6,2016
2017-01-01,0.3983125,"Mbogiti(T)",2017-01-01,52,0,2017
2017-01-02,0.3848125,"Mbogiti(T)",2017-01-02,1,1,2017
2017-01-03,0.386041666666667,"Mbogiti(T)",2017-01-03,1,2,2017
2017-01-04,0.382770833333333,"Mbogiti(T)",2017-01-04,1,3,2017
2017-01-05,0.382458333333333,"Mbogiti(T)",2017-01-05,1,4,2017
2017-01-06,0.342375,"Mbogiti(T)",2017-01-06,1,5,2017
2017-01-07,0.295729166666667,"Mbogiti(T)",2017-01-07,1,6,2017
2017-01-08,0.292333333333333,"Mbogiti(T)",2017-01-08,1,0,2017
2017-01-09,0.286958333333333,"Mbogiti(T)",2017-01-09,2,1,2017
2017-01-10,0.293645833333333,"Mbogiti(T)",2017-01-10,2,2,2017
2017-01-11,0.300104166666667,"Mbogiti(T)",2017-01-11,2,3,2017
2017-01-12,0.307708333333333,"Mbogiti(T)",2017-01-12,2,4,2017
2017-01-13,0.308541666666667,"Mbogiti(T)",2017-01-13,2,5,2017
2017-01-14,0.304125,"Mbogiti(T)",2017-01-14,2,6,2017
2017-01-15,0.31825,"Mbogiti(T)",2017-01-15,2,0,2017
2017-01-16,0.329208333333333,"Mbogiti(T)",2017-01-16,3,1,2017
2017-01-17,0.342541666666667,"Mbogiti(T)",2017-01-17,3,2,2017
2017-01-18,0.34725,"Mbogiti(T)",2017-01-18,3,3,2017
2017-01-19,0.3560625,"Mbogiti(T)",2017-01-19,3,4,2017
2017-01-20,0.327083333333333,"Mbogiti(T)",2017-01-20,3,5,2017
2017-01-21,0.3101875,"Mbogiti(T)",2017-01-21,3,6,2017
2017-01-22,0.3289375,"Mbogiti(T)",2017-01-22,3,0,2017
2017-01-23,0.330458333333333,"Mbogiti(T)",2017-01-23,4,1,2017
2017-01-24,0.324479166666667,"Mbogiti(T)",2017-01-24,4,2,2017
2017-01-25,0.327583333333333,"Mbogiti(T)",2017-01-25,4,3,2017
2017-01-26,0.341729166666667,"Mbogiti(T)",2017-01-26,4,4,2017
2017-01-27,0.343083333333333,"Mbogiti(T)",2017-01-27,4,5,2017
2017-01-28,0.331625,"Mbogiti(T)",2017-01-28,4,6,2017
2017-01-29,0.3206875,"Mbogiti(T)",2017-01-29,4,0,2017
2017-01-30,0.3190625,"Mbogiti(T)",2017-01-30,5,1,2017
2017-01-31,0.323161290322581,"Mbogiti(T)",2017-01-31,5,2,2017
2017-07-20,0.349791666666667,"Mbogiti(T)",2017-07-20,29,4,2017
2017-07-21,0.3554375,"Mbogiti(T)",2017-07-21,29,5,2017
2017-07-22,0.345375,"Mbogiti(T)",2017-07-22,29,6,2017
2017-07-23,0.359208333333333,"Mbogiti(T)",2017-07-23,29,0,2017
2017-07-24,0.353583333333333,"Mbogiti(T)",2017-07-24,30,1,2017
2017-07-25,0.353104166666667,"Mbogiti(T)",2017-07-25,30,2,2017
2017-07-26,0.351958333333333,"Mbogiti(T)",2017-07-26,30,3,2017
2017-07-27,0.368791666666667,"Mbogiti(T)",2017-07-27,30,4,2017
2017-07-28,0.3724375,"Mbogiti(T)",2017-07-28,30,5,2017
2017-07-29,0.369520833333333,"Mbogiti(T)",2017-07-29,30,6,2017
2017-07-30,0.360625,"Mbogiti(T)",2017-07-30,30,0,2017
2017-07-31,0.369479166666667,"Mbogiti(T)",2017-07-31,31,1,2017
2017-08-01,0.363208333333333,"Mbogiti(T)",2017-08-01,31,2,2017
2017-08-02,0.361125,"Mbogiti(T)",2017-08-02,31,3,2017
2017-08-03,0.360645833333333,"Mbogiti(T)",2017-08-03,31,4,2017
2017-08-04,0.344916666666667,"Mbogiti(T)",2017-08-04,31,5,2017
2017-08-05,0.335791666666667,"Mbogiti(T)",2017-08-05,31,6,2017
2017-08-06,0.330979166666667,"Mbogiti(T)",2017-08-06,31,0,2017
2017-08-07,0.338333333333333,"Mbogiti(T)",2017-08-07,32,1,2017
2017-08-08,0.335666666666667,"Mbogiti(T)",2017-08-08,32,2,2017
2017-08-09,0.333208333333333,"Mbogiti(T)",2017-08-09,32,3,2017
2017-08-10,0.328541666666667,"Mbogiti(T)",2017-08-10,32,4,2017
2017-08-11,0.3336875,"Mbogiti(T)",2017-08-11,32,5,2017
2017-08-12,0.336395833333333,"Mbogiti(T)",2017-08-12,32,6,2017
2017-08-13,0.332166666666667,"Mbogiti(T)",2017-08-13,32,0,2017
2017-08-14,0.339729166666667,"Mbogiti(T)",2017-08-14,33,1,2017
2017-08-15,0.33775,"Mbogiti(T)",2017-08-15,33,2,2017
2017-08-16,0.338541666666667,"Mbogiti(T)",2017-08-16,33,3,2017
2017-08-17,0.32,"Mbogiti(T)",2017-08-17,33,4,2017
2017-08-18,0.3200625,"Mbogiti(T)",2017-08-18,33,5,2017
2017-08-19,0.327958333333333,"Mbogiti(T)",2017-08-19,33,6,2017
2017-08-20,0.324083333333333,"Mbogiti(T)",2017-08-20,33,0,2017
2017-08-21,0.308895833333333,"Mbogiti(T)",2017-08-21,34,1,2017
2017-08-22,0.299583333333333,"Mbogiti(T)",2017-08-22,34,2,2017
2017-08-23,0.315854166666667,"Mbogiti(T)",2017-08-23,34,3,2017
2017-08-24,0.32,"Mbogiti(T)",2017-08-24,34,4,2017
2017-08-25,0.311333333333333,"Mbogiti(T)",2017-08-25,34,5,2017
2017-08-26,0.305895833333333,"Mbogiti(T)",2017-08-26,34,6,2017
2017-08-27,0.303395833333333,"Mbogiti(T)",2017-08-27,34,0,2017
2017-08-28,0.303729166666667,"Mbogiti(T)",2017-08-28,35,1,2017
2017-08-29,0.303125,"Mbogiti(T)",2017-08-29,35,2,2017
2017-08-30,0.3223125,"Mbogiti(T)",2017-08-30,35,3,2017
2017-08-31,0.329416666666667,"Mbogiti(T)",2017-08-31,35,4,2017
2017-09-01,0.338416666666667,"Mbogiti(T)",2017-09-01,35,5,2017
2017-09-02,0.337791666666667,"Mbogiti(T)",2017-09-02,35,6,2017
2017-09-03,0.3365625,"Mbogiti(T)",2017-09-03,35,0,2017
2017-09-04,0.350375,"Mbogiti(T)",2017-09-04,36,1,2017
2017-09-05,0.352229166666667,"Mbogiti(T)",2017-09-05,36,2,2017
2017-09-06,0.347208333333333,"Mbogiti(T)",2017-09-06,36,3,2017
2017-09-07,0.34075,"Mbogiti(T)",2017-09-07,36,4,2017
2017-09-08,0.332979166666667,"Mbogiti(T)",2017-09-08,36,5,2017
2017-09-09,0.327458333333333,"Mbogiti(T)",2017-09-09,36,6,2017
2017-09-10,0.326791666666667,"Mbogiti(T)",2017-09-10,36,0,2017
2017-09-11,0.326770833333333,"Mbogiti(T)",2017-09-11,37,1,2017
2017-09-12,0.332145833333333,"Mbogiti(T)",2017-09-12,37,2,2017
2017-09-13,0.32875,"Mbogiti(T)",2017-09-13,37,3,2017
2017-09-14,0.330416666666667,"Mbogiti(T)",2017-09-14,37,4,2017
2017-09-15,0.335354166666667,"Mbogiti(T)",2017-09-15,37,5,2017
2017-09-16,0.348729166666667,"Mbogiti(T)",2017-09-16,37,6,2017
2017-09-17,0.345270833333333,"Mbogiti(T)",2017-09-17,37,0,2017
2017-09-18,0.3440625,"Mbogiti(T)",2017-09-18,38,1,2017
2017-09-19,0.352708333333333,"Mbogiti(T)",2017-09-19,38,2,2017
2017-09-20,0.370270833333333,"Mbogiti(T)",2017-09-20,38,3,2017
2017-09-21,0.36225,"Mbogiti(T)",2017-09-21,38,4,2017
2017-09-22,0.351125,"Mbogiti(T)",2017-09-22,38,5,2017
2017-09-23,0.346791666666667,"Mbogiti(T)",2017-09-23,38,6,2017
2017-09-24,0.347208333333333,"Mbogiti(T)",2017-09-24,38,0,2017
2017-09-25,0.334666666666667,"Mbogiti(T)",2017-09-25,39,1,2017
2017-09-26,0.330104166666667,"Mbogiti(T)",2017-09-26,39,2,2017
2017-09-27,0.342854166666667,"Mbogiti(T)",2017-09-27,39,3,2017
2017-09-28,0.3395625,"Mbogiti(T)",2017-09-28,39,4,2017
2017-09-29,0.341375,"Mbogiti(T)",2017-09-29,39,5,2017
2017-09-30,0.342125,"Mbogiti(T)",2017-09-30,39,6,2017
2017-10-01,0.349333333333333,"Mbogiti(T)",2017-10-01,39,0,2017
2017-10-02,0.340270833333333,"Mbogiti(T)",2017-10-02,40,1,2017
2017-10-03,0.334979166666667,"Mbogiti(T)",2017-10-03,40,2,2017
2017-10-04,0.3275,"Mbogiti(T)",2017-10-04,40,3,2017
2017-10-05,0.318020833333333,"Mbogiti(T)",2017-10-05,40,4,2017
2017-10-06,0.330645833333333,"Mbogiti(T)",2017-10-06,40,5,2017
2017-10-07,0.336916666666667,"Mbogiti(T)",2017-10-07,40,6,2017
2017-10-08,0.332166666666667,"Mbogiti(T)",2017-10-08,40,0,2017
2017-10-09,0.3064375,"Mbogiti(T)",2017-10-09,41,1,2017
2017-10-10,0.3056875,"Mbogiti(T)",2017-10-10,41,2,2017
2017-10-11,0.304645833333333,"Mbogiti(T)",2017-10-11,41,3,2017
2017-10-12,0.344166666666667,"Mbogiti(T)",2017-10-12,41,4,2017
2017-10-13,0.364479166666667,"Mbogiti(T)",2017-10-13,41,5,2017
2017-10-14,0.392083333333333,"Mbogiti(T)",2017-10-14,41,6,2017
2017-10-15,0.380166666666667,"Mbogiti(T)",2017-10-15,41,0,2017
2017-10-16,0.374020833333333,"Mbogiti(T)",2017-10-16,42,1,2017
2017-10-17,0.36975,"Mbogiti(T)",2017-10-17,42,2,2017
2017-10-18,0.359729166666667,"Mbogiti(T)",2017-10-18,42,3,2017
2017-10-19,0.367770833333333,"Mbogiti(T)",2017-10-19,42,4,2017
2017-10-20,0.384916666666667,"Mbogiti(T)",2017-10-20,42,5,2017
2017-10-21,0.415,"Mbogiti(T)",2017-10-21,42,6,2017
2017-10-22,0.404854166666667,"Mbogiti(T)",2017-10-22,42,0,2017
2017-10-23,0.395875,"Mbogiti(T)",2017-10-23,43,1,2017
2017-10-24,0.411291666666667,"Mbogiti(T)",2017-10-24,43,2,2017
2017-10-25,0.491791666666667,"Mbogiti(T)",2017-10-25,43,3,2017
2017-10-26,0.430270833333333,"Mbogiti(T)",2017-10-26,43,4,2017
2017-10-27,0.403625,"Mbogiti(T)",2017-10-27,43,5,2017
2017-10-28,0.402333333333333,"Mbogiti(T)",2017-10-28,43,6,2017
2017-10-29,0.419270833333333,"Mbogiti(T)",2017-10-29,43,0,2017
2017-10-30,0.421666666666667,"Mbogiti(T)",2017-10-30,44,1,2017
2017-10-31,0.428354166666667,"Mbogiti(T)",2017-10-31,44,2,2017
2017-11-01,0.423125,"Mbogiti(T)",2017-11-01,44,3,2017
2017-11-02,0.426958333333333,"Mbogiti(T)",2017-11-02,44,4,2017
2017-11-03,0.4321875,"Mbogiti(T)",2017-11-03,44,5,2017
2017-11-04,0.441145833333333,"Mbogiti(T)",2017-11-04,44,6,2017
2017-11-05,0.459,"Mbogiti(T)",2017-11-05,44,0,2017
2017-11-06,0.462458333333333,"Mbogiti(T)",2017-11-06,45,1,2017
2017-11-07,0.4810625,"Mbogiti(T)",2017-11-07,45,2,2017
2017-11-08,0.486041666666667,"Mbogiti(T)",2017-11-08,45,3,2017
2017-11-09,0.4916875,"Mbogiti(T)",2017-11-09,45,4,2017
2017-11-10,0.505083333333333,"Mbogiti(T)",2017-11-10,45,5,2017
2017-11-11,0.524270833333333,"Mbogiti(T)",2017-11-11,45,6,2017
2017-11-12,0.549,"Mbogiti(T)",2017-11-12,45,0,2017
2017-11-13,0.554270833333333,"Mbogiti(T)",2017-11-13,46,1,2017
2017-11-14,0.562854166666667,"Mbogiti(T)",2017-11-14,46,2,2017
2017-11-15,0.570208333333333,"Mbogiti(T)",2017-11-15,46,3,2017
2017-11-16,0.573520833333333,"Mbogiti(T)",2017-11-16,46,4,2017
2017-11-17,0.578708333333333,"Mbogiti(T)",2017-11-17,46,5,2017
2017-11-18,0.5924375,"Mbogiti(T)",2017-11-18,46,6,2017
2017-11-19,0.605520833333333,"Mbogiti(T)",2017-11-19,46,0,2017
2017-11-20,0.616291666666667,"Mbogiti(T)",2017-11-20,47,1,2017
2017-11-21,0.6276875,"Mbogiti(T)",2017-11-21,47,2,2017
2017-11-22,0.623833333333333,"Mbogiti(T)",2017-11-22,47,3,2017
2017-11-23,0.538270833333333,"Mbogiti(T)",2017-11-23,47,4,2017
2017-11-24,0.467416666666667,"Mbogiti(T)",2017-11-24,47,5,2017
2017-11-25,0.471458333333333,"Mbogiti(T)",2017-11-25,47,6,2017
2017-11-26,0.474270833333333,"Mbogiti(T)",2017-11-26,47,0,2017
2017-11-27,0.466208333333333,"Mbogiti(T)",2017-11-27,48,1,2017
2017-11-28,0.4580625,"Mbogiti(T)",2017-11-28,48,2,2017
2017-11-29,0.438979166666667,"Mbogiti(T)",2017-11-29,48,3,2017
2017-11-30,0.430541666666667,"Mbogiti(T)",2017-11-30,48,4,2017
2017-12-01,0.400041666666667,"Mbogiti(T)",2017-12-01,48,5,2017
2017-12-02,0.35875,"Mbogiti(T)",2017-12-02,48,6,2017
2017-12-03,0.359604166666667,"Mbogiti(T)",2017-12-03,48,0,2017
2017-12-04,0.357208333333333,"Mbogiti(T)",2017-12-04,49,1,2017
2017-12-05,0.3473125,"Mbogiti(T)",2017-12-05,49,2,2017
2017-12-06,0.336770833333333,"Mbogiti(T)",2017-12-06,49,3,2017
2017-12-07,0.340833333333333,"Mbogiti(T)",2017-12-07,49,4,2017
2017-12-08,0.3313125,"Mbogiti(T)",2017-12-08,49,5,2017
2017-12-09,0.326625,"Mbogiti(T)",2017-12-09,49,6,2017
2017-12-10,0.331854166666667,"Mbogiti(T)",2017-12-10,49,0,2017
2017-12-11,0.3419375,"Mbogiti(T)",2017-12-11,50,1,2017
2017-12-12,0.3458125,"Mbogiti(T)",2017-12-12,50,2,2017
2017-12-13,0.344770833333333,"Mbogiti(T)",2017-12-13,50,3,2017
2017-12-14,0.334020833333333,"Mbogiti(T)",2017-12-14,50,4,2017
2017-12-15,0.330666666666667,"Mbogiti(T)",2017-12-15,50,5,2017
2017-12-16,0.332416666666667,"Mbogiti(T)",2017-12-16,50,6,2017
2017-12-17,0.33275,"Mbogiti(T)",2017-12-17,50,0,2017
2017-12-18,0.334729166666667,"Mbogiti(T)",2017-12-18,51,1,2017
2017-12-19,0.334791666666667,"Mbogiti(T)",2017-12-19,51,2,2017
2017-12-20,0.3435,"Mbogiti(T)",2017-12-20,51,3,2017
2017-12-21,0.341958333333333,"Mbogiti(T)",2017-12-21,51,4,2017
2017-12-22,0.331354166666667,"Mbogiti(T)",2017-12-22,51,5,2017
2017-12-23,0.319104166666667,"Mbogiti(T)",2017-12-23,51,6,2017
2017-12-24,0.3155,"Mbogiti(T)",2017-12-24,51,0,2017
2017-12-25,0.3205625,"Mbogiti(T)",2017-12-25,52,1,2017
2017-12-26,0.321979166666667,"Mbogiti(T)",2017-12-26,52,2,2017
2017-12-27,0.3136875,"Mbogiti(T)",2017-12-27,52,3,2017
2017-12-28,0.313416666666667,"Mbogiti(T)",2017-12-28,52,4,2017
2017-12-29,0.322125,"Mbogiti(T)",2017-12-29,52,5,2017
2017-12-30,0.3209375,"Mbogiti(T)",2017-12-30,52,6,2017
2017-12-31,0.3164375,"Mbogiti(T)",2017-12-31,52,0,2017
2018-01-01,0.3068125,"Mbogiti(T)",2018-01-01,1,1,2018
2018-01-02,0.301354166666667,"Mbogiti(T)",2018-01-02,1,2,2018
2018-01-03,0.31475,"Mbogiti(T)",2018-01-03,1,3,2018
2018-01-04,0.328854166666667,"Mbogiti(T)",2018-01-04,1,4,2018
2018-01-05,0.31325,"Mbogiti(T)",2018-01-05,1,5,2018
2018-01-06,0.3098125,"Mbogiti(T)",2018-01-06,1,6,2018
2018-01-07,0.315708333333333,"Mbogiti(T)",2018-01-07,1,0,2018
2018-01-08,0.317833333333333,"Mbogiti(T)",2018-01-08,2,1,2018
2018-01-09,0.323645833333333,"Mbogiti(T)",2018-01-09,2,2,2018
2018-01-10,0.322041666666667,"Mbogiti(T)",2018-01-10,2,3,2018
2018-01-11,0.3245625,"Mbogiti(T)",2018-01-11,2,4,2018
2018-01-12,0.319166666666667,"Mbogiti(T)",2018-01-12,2,5,2018
2018-01-13,0.2964375,"Mbogiti(T)",2018-01-13,2,6,2018
2018-01-14,0.294916666666667,"Mbogiti(T)",2018-01-14,2,0,2018
2018-01-15,0.298458333333333,"Mbogiti(T)",2018-01-15,3,1,2018
2018-01-16,0.293291666666667,"Mbogiti(T)",2018-01-16,3,2,2018
2018-01-17,0.281916666666667,"Mbogiti(T)",2018-01-17,3,3,2018
2018-01-18,0.2829375,"Mbogiti(T)",2018-01-18,3,4,2018
2018-01-19,0.2898125,"Mbogiti(T)",2018-01-19,3,5,2018
2018-01-20,0.302041666666667,"Mbogiti(T)",2018-01-20,3,6,2018
2018-01-21,0.300208333333333,"Mbogiti(T)",2018-01-21,3,0,2018
2018-01-22,0.290333333333333,"Mbogiti(T)",2018-01-22,4,1,2018
2018-01-23,0.283625,"Mbogiti(T)",2018-01-23,4,2,2018
2018-01-24,0.281833333333333,"Mbogiti(T)",2018-01-24,4,3,2018
2018-01-25,0.285854166666667,"Mbogiti(T)",2018-01-25,4,4,2018
2018-01-26,0.2996875,"Mbogiti(T)",2018-01-26,4,5,2018
2018-01-27,0.301541666666667,"Mbogiti(T)",2018-01-27,4,6,2018
2018-01-28,0.303020833333333,"Mbogiti(T)",2018-01-28,4,0,2018
2018-01-29,0.300604166666667,"Mbogiti(T)",2018-01-29,5,1,2018
2018-01-30,0.305395833333333,"Mbogiti(T)",2018-01-30,5,2,2018
2018-01-31,0.310166666666667,"Mbogiti(T)",2018-01-31,5,3,2018
2018-02-01,0.305520833333333,"Mbogiti(T)",2018-02-01,5,4,2018
2018-02-02,0.304354166666667,"Mbogiti(T)",2018-02-02,5,5,2018
2018-02-03,0.3085625,"Mbogiti(T)",2018-02-03,5,6,2018
2018-02-04,0.307375,"Mbogiti(T)",2018-02-04,5,0,2018
2018-02-05,0.3055,"Mbogiti(T)",2018-02-05,6,1,2018
2018-02-06,0.305375,"Mbogiti(T)",2018-02-06,6,2,2018
2018-02-07,0.306708333333333,"Mbogiti(T)",2018-02-07,6,3,2018
2018-02-08,0.3073125,"Mbogiti(T)",2018-02-08,6,4,2018
2018-02-09,0.303229166666667,"Mbogiti(T)",2018-02-09,6,5,2018
2018-02-10,0.2978125,"Mbogiti(T)",2018-02-10,6,6,2018
2018-02-11,0.3156875,"Mbogiti(T)",2018-02-11,6,0,2018
2018-02-12,0.330979166666667,"Mbogiti(T)",2018-02-12,7,1,2018
2018-02-13,0.334083333333333,"Mbogiti(T)",2018-02-13,7,2,2018
2018-02-14,0.3293125,"Mbogiti(T)",2018-02-14,7,3,2018
2018-02-15,0.323458333333333,"Mbogiti(T)",2018-02-15,7,4,2018
2018-02-16,0.322270833333333,"Mbogiti(T)",2018-02-16,7,5,2018
2018-02-17,0.306520833333333,"Mbogiti(T)",2018-02-17,7,6,2018
2018-02-18,0.3050625,"Mbogiti(T)",2018-02-18,7,0,2018
2018-02-19,0.3009375,"Mbogiti(T)",2018-02-19,8,1,2018
2018-02-20,0.311583333333333,"Mbogiti(T)",2018-02-20,8,2,2018
2018-02-21,0.298166666666667,"Mbogiti(T)",2018-02-21,8,3,2018
2018-02-22,0.295145833333333,"Mbogiti(T)",2018-02-22,8,4,2018
2018-02-23,0.2954375,"Mbogiti(T)",2018-02-23,8,5,2018
2018-02-24,0.3046875,"Mbogiti(T)",2018-02-24,8,6,2018
2018-02-25,0.320229166666667,"Mbogiti(T)",2018-02-25,8,0,2018
2018-02-26,0.31825,"Mbogiti(T)",2018-02-26,9,1,2018
2018-02-27,0.320979166666667,"Mbogiti(T)",2018-02-27,9,2,2018
2018-02-28,0.312104166666667,"Mbogiti(T)",2018-02-28,9,3,2018
2018-03-01,0.336333333333333,"Mbogiti(T)",2018-03-01,9,4,2018
2018-03-02,0.351020833333333,"Mbogiti(T)",2018-03-02,9,5,2018
2018-03-03,0.357104166666667,"Mbogiti(T)",2018-03-03,9,6,2018
2018-03-04,0.371833333333333,"Mbogiti(T)",2018-03-04,9,0,2018
2018-03-05,0.383083333333333,"Mbogiti(T)",2018-03-05,10,1,2018
2018-03-06,0.391041666666667,"Mbogiti(T)",2018-03-06,10,2,2018
2018-03-07,0.433083333333333,"Mbogiti(T)",2018-03-07,10,3,2018
2018-03-08,0.424479166666667,"Mbogiti(T)",2018-03-08,10,4,2018
2018-03-09,0.418583333333333,"Mbogiti(T)",2018-03-09,10,5,2018
2018-03-10,0.414354166666667,"Mbogiti(T)",2018-03-10,10,6,2018
2018-03-11,0.418020833333333,"Mbogiti(T)",2018-03-11,10,0,2018
2018-03-12,0.446104166666667,"Mbogiti(T)",2018-03-12,11,1,2018
2018-03-13,0.444770833333333,"Mbogiti(T)",2018-03-13,11,2,2018
2018-03-14,0.430354166666667,"Mbogiti(T)",2018-03-14,11,3,2018
2018-03-15,0.429833333333333,"Mbogiti(T)",2018-03-15,11,4,2018
2018-03-16,0.428791666666667,"Mbogiti(T)",2018-03-16,11,5,2018
2018-03-17,0.490229166666667,"Mbogiti(T)",2018-03-17,11,6,2018
2018-03-18,0.526958333333333,"Mbogiti(T)",2018-03-18,11,0,2018
2018-03-19,0.497208333333333,"Mbogiti(T)",2018-03-19,12,1,2018
2018-03-20,0.480291666666667,"Mbogiti(T)",2018-03-20,12,2,2018
2018-03-21,0.470916666666667,"Mbogiti(T)",2018-03-21,12,3,2018
2018-03-22,0.463041666666667,"Mbogiti(T)",2018-03-22,12,4,2018
2018-03-23,0.458354166666667,"Mbogiti(T)",2018-03-23,12,5,2018
2018-03-24,0.4710625,"Mbogiti(T)",2018-03-24,12,6,2018
2018-03-25,0.459708333333333,"Mbogiti(T)",2018-03-25,12,0,2018
2018-03-26,0.465979166666667,"Mbogiti(T)",2018-03-26,13,1,2018
2018-03-27,0.457166666666667,"Mbogiti(T)",2018-03-27,13,2,2018
2018-03-28,0.451791666666667,"Mbogiti(T)",2018-03-28,13,3,2018
2018-03-29,0.464,"Mbogiti(T)",2018-03-29,13,4,2018
2018-03-30,0.4739375,"Mbogiti(T)",2018-03-30,13,5,2018
2018-03-31,0.464020833333333,"Mbogiti(T)",2018-03-31,13,6,2018
2018-04-01,0.450791666666667,"Mbogiti(T)",2018-04-01,13,0,2018
2018-04-02,0.468791666666667,"Mbogiti(T)",2018-04-02,14,1,2018
2018-04-03,0.460729166666667,"Mbogiti(T)",2018-04-03,14,2,2018
2018-04-04,0.4674375,"Mbogiti(T)",2018-04-04,14,3,2018
2018-04-05,0.454291666666667,"Mbogiti(T)",2018-04-05,14,4,2018
2018-04-06,0.468604166666667,"Mbogiti(T)",2018-04-06,14,5,2018
2018-04-07,0.510229166666667,"Mbogiti(T)",2018-04-07,14,6,2018
2018-04-08,0.528958333333333,"Mbogiti(T)",2018-04-08,14,0,2018
2018-04-09,0.537520833333333,"Mbogiti(T)",2018-04-09,15,1,2018
2018-04-10,0.537,"Mbogiti(T)",2018-04-10,15,2,2018
2018-04-11,0.639020833333333,"Mbogiti(T)",2018-04-11,15,3,2018
2018-04-12,0.619020833333333,"Mbogiti(T)",2018-04-12,15,4,2018
2018-04-13,0.625958333333333,"Mbogiti(T)",2018-04-13,15,5,2018
2018-04-14,0.677020833333333,"Mbogiti(T)",2018-04-14,15,6,2018
2018-04-15,0.6611875,"Mbogiti(T)",2018-04-15,15,0,2018
2018-04-16,0.657166666666667,"Mbogiti(T)",2018-04-16,16,1,2018
2018-04-17,0.663354166666667,"Mbogiti(T)",2018-04-17,16,2,2018
2018-04-18,0.638583333333333,"Mbogiti(T)",2018-04-18,16,3,2018
2018-04-19,0.588,"Mbogiti(T)",2018-04-19,16,4,2018
2018-04-20,0.584708333333333,"Mbogiti(T)",2018-04-20,16,5,2018
2018-04-21,0.580583333333333,"Mbogiti(T)",2018-04-21,16,6,2018
2018-04-22,0.605041666666667,"Mbogiti(T)",2018-04-22,16,0,2018
2018-04-23,0.592333333333333,"Mbogiti(T)",2018-04-23,17,1,2018
2018-04-24,0.605645833333333,"Mbogiti(T)",2018-04-24,17,2,2018
2018-04-25,0.5946875,"Mbogiti(T)",2018-04-25,17,3,2018
2018-04-26,0.604583333333333,"Mbogiti(T)",2018-04-26,17,4,2018
2018-04-27,0.626666666666667,"Mbogiti(T)",2018-04-27,17,5,2018
2018-04-28,0.660854166666667,"Mbogiti(T)",2018-04-28,17,6,2018
2018-04-29,0.618,"Mbogiti(T)",2018-04-29,17,0,2018
2018-04-30,0.631291666666667,"Mbogiti(T)",2018-04-30,18,1,2018
2018-05-01,0.6596875,"Mbogiti(T)",2018-05-01,18,2,2018
2018-05-02,0.68175,"Mbogiti(T)",2018-05-02,18,3,2018
2018-05-03,0.6793125,"Mbogiti(T)",2018-05-03,18,4,2018
2018-05-04,0.67075,"Mbogiti(T)",2018-05-04,18,5,2018
2018-05-05,0.703395833333333,"Mbogiti(T)",2018-05-05,18,6,2018
2018-05-06,0.697791666666667,"Mbogiti(T)",2018-05-06,18,0,2018
2018-05-07,0.7035,"Mbogiti(T)",2018-05-07,19,1,2018
2018-05-08,0.710416666666667,"Mbogiti(T)",2018-05-08,19,2,2018
2018-05-09,0.730395833333333,"Mbogiti(T)",2018-05-09,19,3,2018
2018-05-10,0.684729166666667,"Mbogiti(T)",2018-05-10,19,4,2018
2018-05-11,0.678416666666667,"Mbogiti(T)",2018-05-11,19,5,2018
2018-05-12,0.684958333333333,"Mbogiti(T)",2018-05-12,19,6,2018
2018-05-13,0.678666666666667,"Mbogiti(T)",2018-05-13,19,0,2018
2018-05-14,0.682270833333333,"Mbogiti(T)",2018-05-14,20,1,2018
2018-05-15,0.642270833333333,"Mbogiti(T)",2018-05-15,20,2,2018
2018-05-16,0.578895833333333,"Mbogiti(T)",2018-05-16,20,3,2018
2018-05-17,0.601083333333333,"Mbogiti(T)",2018-05-17,20,4,2018
2018-05-18,0.593479166666667,"Mbogiti(T)",2018-05-18,20,5,2018
2018-05-19,0.618875,"Mbogiti(T)",2018-05-19,20,6,2018
2018-05-20,0.66425,"Mbogiti(T)",2018-05-20,20,0,2018
2018-05-21,0.6700625,"Mbogiti(T)",2018-05-21,21,1,2018
2018-05-22,0.664604166666667,"Mbogiti(T)",2018-05-22,21,2,2018
2018-05-23,0.687104166666667,"Mbogiti(T)",2018-05-23,21,3,2018
2018-05-24,0.681333333333333,"Mbogiti(T)",2018-05-24,21,4,2018
2018-05-25,0.70775,"Mbogiti(T)",2018-05-25,21,5,2018
2018-05-26,0.696541666666667,"Mbogiti(T)",2018-05-26,21,6,2018
2018-05-27,0.660854166666667,"Mbogiti(T)",2018-05-27,21,0,2018
2018-05-28,0.625208333333333,"Mbogiti(T)",2018-05-28,22,1,2018
2018-05-29,0.5966875,"Mbogiti(T)",2018-05-29,22,2,2018
2018-05-30,0.569708333333333,"Mbogiti(T)",2018-05-30,22,3,2018
2018-05-31,0.546145833333333,"Mbogiti(T)",2018-05-31,22,4,2018
2018-06-01,0.5269375,"Mbogiti(T)",2018-06-01,22,5,2018
2018-06-02,0.514520833333333,"Mbogiti(T)",2018-06-02,22,6,2018
2018-06-03,0.4949375,"Mbogiti(T)",2018-06-03,22,0,2018
2018-06-04,0.4565,"Mbogiti(T)",2018-06-04,23,1,2018
2018-06-05,0.463041666666667,"Mbogiti(T)",2018-06-05,23,2,2018
2018-06-06,0.443833333333333,"Mbogiti(T)",2018-06-06,23,3,2018
2018-06-07,0.4284375,"Mbogiti(T)",2018-06-07,23,4,2018
2018-06-08,0.415625,"Mbogiti(T)",2018-06-08,23,5,2018
2018-06-09,0.402854166666667,"Mbogiti(T)",2018-06-09,23,6,2018
2018-06-10,0.394020833333333,"Mbogiti(T)",2018-06-10,23,0,2018
2018-06-11,0.383854166666667,"Mbogiti(T)",2018-06-11,24,1,2018
2018-06-12,0.378395833333333,"Mbogiti(T)",2018-06-12,24,2,2018
2018-06-13,0.373375,"Mbogiti(T)",2018-06-13,24,3,2018
2018-06-14,0.375145833333333,"Mbogiti(T)",2018-06-14,24,4,2018
2018-06-15,0.368166666666667,"Mbogiti(T)",2018-06-15,24,5,2018
2018-06-16,0.3656875,"Mbogiti(T)",2018-06-16,24,6,2018
2018-06-17,0.3665625,"Mbogiti(T)",2018-06-17,24,0,2018
2018-06-18,0.364145833333333,"Mbogiti(T)",2018-06-18,25,1,2018
2018-06-19,0.359479166666667,"Mbogiti(T)",2018-06-19,25,2,2018
2018-06-20,0.378479166666667,"Mbogiti(T)",2018-06-20,25,3,2018
2018-06-21,0.425583333333333,"Mbogiti(T)",2018-06-21,25,4,2018
2018-06-22,0.4194375,"Mbogiti(T)",2018-06-22,25,5,2018
2018-06-23,0.412458333333333,"Mbogiti(T)",2018-06-23,25,6,2018
2018-06-24,0.409645833333333,"Mbogiti(T)",2018-06-24,25,0,2018
2018-06-25,0.408729166666667,"Mbogiti(T)",2018-06-25,26,1,2018
2018-06-26,0.409291666666667,"Mbogiti(T)",2018-06-26,26,2,2018
2018-06-27,0.40325,"Mbogiti(T)",2018-06-27,26,3,2018
2018-06-28,0.390291666666667,"Mbogiti(T)",2018-06-28,26,4,2018
2018-06-29,0.386416666666667,"Mbogiti(T)",2018-06-29,26,5,2018
2018-06-30,0.371,"Mbogiti(T)",2018-06-30,26,6,2018
2018-07-01,0.3685625,"Mbogiti(T)",2018-07-01,26,0,2018
2018-07-02,0.380041666666667,"Mbogiti(T)",2018-07-02,27,1,2018
2018-07-03,0.408125,"Mbogiti(T)",2018-07-03,27,2,2018
2018-07-04,0.446020833333333,"Mbogiti(T)",2018-07-04,27,3,2018
2018-07-05,0.4329375,"Mbogiti(T)",2018-07-05,27,4,2018
2018-07-06,0.432916666666667,"Mbogiti(T)",2018-07-06,27,5,2018
2018-07-07,0.442270833333333,"Mbogiti(T)",2018-07-07,27,6,2018
2018-07-08,0.442479166666667,"Mbogiti(T)",2018-07-08,27,0,2018
2018-07-09,0.4425,"Mbogiti(T)",2018-07-09,28,1,2018
2018-07-10,0.439875,"Mbogiti(T)",2018-07-10,28,2,2018
2018-07-11,0.446333333333333,"Mbogiti(T)",2018-07-11,28,3,2018
2018-07-12,0.4403125,"Mbogiti(T)",2018-07-12,28,4,2018
2018-07-13,0.442375,"Mbogiti(T)",2018-07-13,28,5,2018
2018-07-14,0.449229166666667,"Mbogiti(T)",2018-07-14,28,6,2018
2018-07-15,0.447520833333333,"Mbogiti(T)",2018-07-15,28,0,2018
2018-07-16,0.441958333333333,"Mbogiti(T)",2018-07-16,29,1,2018
2018-07-17,0.441083333333333,"Mbogiti(T)",2018-07-17,29,2,2018
2018-07-18,0.4405625,"Mbogiti(T)",2018-07-18,29,3,2018
2018-07-19,0.4388125,"Mbogiti(T)",2018-07-19,29,4,2018
2018-07-20,0.436708333333333,"Mbogiti(T)",2018-07-20,29,5,2018
2018-07-21,0.4331875,"Mbogiti(T)",2018-07-21,29,6,2018
2018-07-22,0.434770833333333,"Mbogiti(T)",2018-07-22,29,0,2018
2018-07-23,0.432583333333333,"Mbogiti(T)",2018-07-23,30,1,2018
2018-07-24,0.430375,"Mbogiti(T)",2018-07-24,30,2,2018
2018-07-25,0.432104166666667,"Mbogiti(T)",2018-07-25,30,3,2018
2018-07-26,0.435770833333333,"Mbogiti(T)",2018-07-26,30,4,2018
2018-07-27,0.432229166666667,"Mbogiti(T)",2018-07-27,30,5,2018
2018-07-28,0.4285,"Mbogiti(T)",2018-07-28,30,6,2018
2018-07-29,0.436041666666667,"Mbogiti(T)",2018-07-29,30,0,2018
2018-07-30,0.436895833333333,"Mbogiti(T)",2018-07-30,31,1,2018
2018-07-31,0.426208333333333,"Mbogiti(T)",2018-07-31,31,2,2018
2018-08-01,0.422520833333333,"Mbogiti(T)",2018-08-01,31,3,2018
2018-08-02,0.4185,"Mbogiti(T)",2018-08-02,31,4,2018
2018-08-03,0.4270625,"Mbogiti(T)",2018-08-03,31,5,2018
2018-08-04,0.438208333333333,"Mbogiti(T)",2018-08-04,31,6,2018
2018-08-05,0.439916666666667,"Mbogiti(T)",2018-08-05,31,0,2018
2018-08-06,0.445291666666667,"Mbogiti(T)",2018-08-06,32,1,2018
2018-08-07,0.3969375,"Mbogiti(T)",2018-08-07,32,2,2018
2018-08-08,0.327666666666667,"Mbogiti(T)",2018-08-08,32,3,2018
2018-08-09,0.327729166666667,"Mbogiti(T)",2018-08-09,32,4,2018
2018-08-10,0.330083333333333,"Mbogiti(T)",2018-08-10,32,5,2018
2018-08-11,0.331354166666667,"Mbogiti(T)",2018-08-11,32,6,2018
2018-08-12,0.333395833333333,"Mbogiti(T)",2018-08-12,32,0,2018
2018-08-13,0.334895833333333,"Mbogiti(T)",2018-08-13,33,1,2018
2018-08-14,0.334666666666667,"Mbogiti(T)",2018-08-14,33,2,2018
2018-08-15,0.339208333333333,"Mbogiti(T)",2018-08-15,33,3,2018
2018-08-16,0.343958333333333,"Mbogiti(T)",2018-08-16,33,4,2018
2018-08-17,0.348104166666667,"Mbogiti(T)",2018-08-17,33,5,2018
2018-08-18,0.3490625,"Mbogiti(T)",2018-08-18,33,6,2018
2018-08-19,0.356625,"Mbogiti(T)",2018-08-19,33,0,2018
2018-08-20,0.355229166666667,"Mbogiti(T)",2018-08-20,34,1,2018
2018-08-21,0.357041666666667,"Mbogiti(T)",2018-08-21,34,2,2018
2018-08-22,0.355020833333333,"Mbogiti(T)",2018-08-22,34,3,2018
2018-08-23,0.356729166666667,"Mbogiti(T)",2018-08-23,34,4,2018
2018-08-24,0.353666666666667,"Mbogiti(T)",2018-08-24,34,5,2018
2018-08-25,0.352645833333333,"Mbogiti(T)",2018-08-25,34,6,2018
2018-08-26,0.351604166666667,"Mbogiti(T)",2018-08-26,34,0,2018
2018-08-27,0.343375,"Mbogiti(T)",2018-08-27,35,1,2018
2018-08-28,0.332270833333333,"Mbogiti(T)",2018-08-28,35,2,2018
2018-08-29,0.3340625,"Mbogiti(T)",2018-08-29,35,3,2018
2018-08-30,0.331041666666667,"Mbogiti(T)",2018-08-30,35,4,2018
2018-08-31,0.332895833333333,"Mbogiti(T)",2018-08-31,35,5,2018
2018-09-01,0.3309375,"Mbogiti(T)",2018-09-01,35,6,2018
2018-09-02,0.330916666666667,"Mbogiti(T)",2018-09-02,35,0,2018
2018-09-03,0.332666666666667,"Mbogiti(T)",2018-09-03,36,1,2018
2018-09-04,0.330041666666667,"Mbogiti(T)",2018-09-04,36,2,2018
2018-09-05,0.332875,"Mbogiti(T)",2018-09-05,36,3,2018
2018-09-06,0.350854166666667,"Mbogiti(T)",2018-09-06,36,4,2018
2018-09-07,0.33925,"Mbogiti(T)",2018-09-07,36,5,2018
2018-09-08,0.335104166666667,"Mbogiti(T)",2018-09-08,36,6,2018
2018-09-09,0.3323125,"Mbogiti(T)",2018-09-09,36,0,2018
2018-09-10,0.32825,"Mbogiti(T)",2018-09-10,37,1,2018
2018-09-11,0.3271875,"Mbogiti(T)",2018-09-11,37,2,2018
2018-09-12,0.328854166666667,"Mbogiti(T)",2018-09-12,37,3,2018
2018-09-13,0.328770833333333,"Mbogiti(T)",2018-09-13,37,4,2018
2018-09-14,0.3291875,"Mbogiti(T)",2018-09-14,37,5,2018
2018-09-15,0.327166666666667,"Mbogiti(T)",2018-09-15,37,6,2018
2018-09-16,0.328104166666667,"Mbogiti(T)",2018-09-16,37,0,2018
2018-09-17,0.324291666666667,"Mbogiti(T)",2018-09-17,38,1,2018
2018-09-18,0.322854166666667,"Mbogiti(T)",2018-09-18,38,2,2018
2018-09-19,0.337020833333333,"Mbogiti(T)",2018-09-19,38,3,2018
2018-09-20,0.342645833333333,"Mbogiti(T)",2018-09-20,38,4,2018
2018-09-21,0.333229166666667,"Mbogiti(T)",2018-09-21,38,5,2018
2018-09-22,0.3399375,"Mbogiti(T)",2018-09-22,38,6,2018
2018-09-23,0.329291666666667,"Mbogiti(T)",2018-09-23,38,0,2018
2018-09-24,0.325125,"Mbogiti(T)",2018-09-24,39,1,2018
2018-09-25,0.327270833333333,"Mbogiti(T)",2018-09-25,39,2,2018
2018-09-26,0.323916666666667,"Mbogiti(T)",2018-09-26,39,3,2018
2018-09-27,0.323645833333333,"Mbogiti(T)",2018-09-27,39,4,2018
2018-09-28,0.321208333333333,"Mbogiti(T)",2018-09-28,39,5,2018
2018-09-29,0.322729166666667,"Mbogiti(T)",2018-09-29,39,6,2018
2018-09-30,0.321833333333333,"Mbogiti(T)",2018-09-30,39,0,2018
2018-10-01,0.320125,"Mbogiti(T)",2018-10-01,40,1,2018
2018-10-02,0.324875,"Mbogiti(T)",2018-10-02,40,2,2018
2018-10-03,0.328104166666667,"Mbogiti(T)",2018-10-03,40,3,2018
2018-10-04,0.328666666666667,"Mbogiti(T)",2018-10-04,40,4,2018
2018-10-05,0.326083333333333,"Mbogiti(T)",2018-10-05,40,5,2018
2018-10-06,0.333083333333333,"Mbogiti(T)",2018-10-06,40,6,2018
2018-10-07,0.340645833333333,"Mbogiti(T)",2018-10-07,40,0,2018
2018-10-08,0.34075,"Mbogiti(T)",2018-10-08,41,1,2018
2018-10-09,0.341541666666667,"Mbogiti(T)",2018-10-09,41,2,2018
2018-10-10,0.340875,"Mbogiti(T)",2018-10-10,41,3,2018
2018-10-11,0.337270833333333,"Mbogiti(T)",2018-10-11,41,4,2018
2018-10-12,0.3379375,"Mbogiti(T)",2018-10-12,41,5,2018
2018-10-13,0.341895833333333,"Mbogiti(T)",2018-10-13,41,6,2018
2018-10-14,0.337083333333333,"Mbogiti(T)",2018-10-14,41,0,2018
2018-10-15,0.330875,"Mbogiti(T)",2018-10-15,42,1,2018
2018-10-16,0.332520833333333,"Mbogiti(T)",2018-10-16,42,2,2018
2018-10-17,0.342479166666667,"Mbogiti(T)",2018-10-17,42,3,2018
2018-10-18,0.349604166666667,"Mbogiti(T)",2018-10-18,42,4,2018
2018-10-19,0.350458333333333,"Mbogiti(T)",2018-10-19,42,5,2018
2018-10-20,0.342,"Mbogiti(T)",2018-10-20,42,6,2018
2018-10-21,0.342833333333333,"Mbogiti(T)",2018-10-21,42,0,2018
2018-10-22,0.34275,"Mbogiti(T)",2018-10-22,43,1,2018
2018-10-23,0.353645833333333,"Mbogiti(T)",2018-10-23,43,2,2018
2018-10-24,0.353375,"Mbogiti(T)",2018-10-24,43,3,2018
2018-10-25,0.356854166666667,"Mbogiti(T)",2018-10-25,43,4,2018
2018-10-26,0.354416666666667,"Mbogiti(T)",2018-10-26,43,5,2018
2018-10-27,0.367416666666667,"Mbogiti(T)",2018-10-27,43,6,2018
2018-10-28,0.360729166666667,"Mbogiti(T)",2018-10-28,43,0,2018
2018-10-29,0.3579375,"Mbogiti(T)",2018-10-29,44,1,2018
2018-10-30,0.362895833333333,"Mbogiti(T)",2018-10-30,44,2,2018
2018-10-31,0.3640625,"Mbogiti(T)",2018-10-31,44,3,2018
2018-11-01,0.367020833333333,"Mbogiti(T)",2018-11-01,44,4,2018
2018-11-02,0.386645833333333,"Mbogiti(T)",2018-11-02,44,5,2018
2018-11-03,0.3901875,"Mbogiti(T)",2018-11-03,44,6,2018
2018-11-04,0.358125,"Mbogiti(T)",2018-11-04,44,0,2018
2018-11-05,0.3141875,"Mbogiti(T)",2018-11-05,45,1,2018
2018-11-06,0.296083333333333,"Mbogiti(T)",2018-11-06,45,2,2018
2018-11-07,0.296166666666667,"Mbogiti(T)",2018-11-07,45,3,2018
2018-11-08,0.282395833333333,"Mbogiti(T)",2018-11-08,45,4,2018
2018-11-09,0.293645833333333,"Mbogiti(T)",2018-11-09,45,5,2018
2018-11-10,0.298604166666667,"Mbogiti(T)",2018-11-10,45,6,2018
2018-11-11,0.277625,"Mbogiti(T)",2018-11-11,45,0,2018
2018-11-12,0.274020833333333,"Mbogiti(T)",2018-11-12,46,1,2018
2018-11-13,0.316770833333333,"Mbogiti(T)",2018-11-13,46,2,2018
2018-11-14,0.294520833333333,"Mbogiti(T)",2018-11-14,46,3,2018
2018-11-15,0.287958333333333,"Mbogiti(T)",2018-11-15,46,4,2018
2018-11-16,0.2824375,"Mbogiti(T)",2018-11-16,46,5,2018
2018-11-17,0.277895833333333,"Mbogiti(T)",2018-11-17,46,6,2018
2018-11-18,0.287291666666667,"Mbogiti(T)",2018-11-18,46,0,2018
2018-11-19,0.277270833333333,"Mbogiti(T)",2018-11-19,47,1,2018
2018-11-20,0.2839375,"Mbogiti(T)",2018-11-20,47,2,2018
2018-11-21,0.276958333333333,"Mbogiti(T)",2018-11-21,47,3,2018
2018-11-22,0.274104166666667,"Mbogiti(T)",2018-11-22,47,4,2018
2018-11-23,0.272395833333333,"Mbogiti(T)",2018-11-23,47,5,2018
2018-11-24,0.2705,"Mbogiti(T)",2018-11-24,47,6,2018
2018-11-25,0.269729166666667,"Mbogiti(T)",2018-11-25,47,0,2018
2018-11-26,0.280770833333333,"Mbogiti(T)",2018-11-26,48,1,2018
2018-11-27,0.282020833333333,"Mbogiti(T)",2018-11-27,48,2,2018
2018-11-28,0.273895833333333,"Mbogiti(T)",2018-11-28,48,3,2018
2018-11-29,0.278770833333333,"Mbogiti(T)",2018-11-29,48,4,2018
2018-11-30,0.275541666666667,"Mbogiti(T)",2018-11-30,48,5,2018
2018-12-01,0.271229166666667,"Mbogiti(T)",2018-12-01,48,6,2018
2018-12-02,0.293875,"Mbogiti(T)",2018-12-02,48,0,2018
2018-12-03,0.2730625,"Mbogiti(T)",2018-12-03,49,1,2018
2018-12-04,0.274270833333333,"Mbogiti(T)",2018-12-04,49,2,2018
2018-12-05,0.266520833333333,"Mbogiti(T)",2018-12-05,49,3,2018
2018-12-06,0.262395833333333,"Mbogiti(T)",2018-12-06,49,4,2018
2018-12-07,0.25925,"Mbogiti(T)",2018-12-07,49,5,2018
2018-12-08,0.284604166666667,"Mbogiti(T)",2018-12-08,49,6,2018
2018-12-09,0.273458333333333,"Mbogiti(T)",2018-12-09,49,0,2018
2018-12-10,0.285125,"Mbogiti(T)",2018-12-10,50,1,2018
2018-12-11,0.311,"Mbogiti(T)",2018-12-11,50,2,2018
2018-12-12,0.299541666666667,"Mbogiti(T)",2018-12-12,50,3,2018
2018-12-13,0.304125,"Mbogiti(T)",2018-12-13,50,4,2018
2018-12-14,0.324729166666667,"Mbogiti(T)",2018-12-14,50,5,2018
2018-12-15,0.3170625,"Mbogiti(T)",2018-12-15,50,6,2018
2018-12-16,0.304979166666667,"Mbogiti(T)",2018-12-16,50,0,2018
2018-12-17,0.299625,"Mbogiti(T)",2018-12-17,51,1,2018
2018-12-18,0.299229166666667,"Mbogiti(T)",2018-12-18,51,2,2018
2018-12-19,0.2988125,"Mbogiti(T)",2018-12-19,51,3,2018
2018-12-20,0.303083333333333,"Mbogiti(T)",2018-12-20,51,4,2018
2018-12-21,0.309166666666667,"Mbogiti(T)",2018-12-21,51,5,2018
2018-12-22,0.309729166666667,"Mbogiti(T)",2018-12-22,51,6,2018
2018-12-23,0.313041666666667,"Mbogiti(T)",2018-12-23,51,0,2018
2018-12-24,0.308791666666667,"Mbogiti(T)",2018-12-24,52,1,2018
2018-12-25,0.308354166666667,"Mbogiti(T)",2018-12-25,52,2,2018
2018-12-26,0.3088125,"Mbogiti(T)",2018-12-26,52,3,2018
2018-12-27,0.307833333333333,"Mbogiti(T)",2018-12-27,52,4,2018
2018-12-28,0.307354166666667,"Mbogiti(T)",2018-12-28,52,5,2018
2018-12-29,0.3055,"Mbogiti(T)",2018-12-29,52,6,2018
2018-12-30,0.305270833333333,"Mbogiti(T)",2018-12-30,52,0,2018
2018-12-31,0.301958333333333,"Mbogiti(T)",2018-12-31,1,1,2018
2019-01-01,0.319270833333333,"Mbogiti(T)",2019-01-01,1,2,2019
2019-01-02,0.316854166666667,"Mbogiti(T)",2019-01-02,1,3,2019
2019-01-03,0.315166666666667,"Mbogiti(T)",2019-01-03,1,4,2019
2019-01-04,0.320979166666667,"Mbogiti(T)",2019-01-04,1,5,2019
2019-01-05,0.334125,"Mbogiti(T)",2019-01-05,1,6,2019
2019-01-06,0.325208333333333,"Mbogiti(T)",2019-01-06,1,0,2019
2019-01-07,0.320666666666667,"Mbogiti(T)",2019-01-07,2,1,2019
2019-01-08,0.32,"Mbogiti(T)",2019-01-08,2,2,2019
2019-01-09,0.321145833333333,"Mbogiti(T)",2019-01-09,2,3,2019
2019-01-10,0.318104166666667,"Mbogiti(T)",2019-01-10,2,4,2019
2019-01-11,0.316375,"Mbogiti(T)",2019-01-11,2,5,2019
2019-01-12,0.3125,"Mbogiti(T)",2019-01-12,2,6,2019
2019-01-13,0.3133125,"Mbogiti(T)",2019-01-13,2,0,2019
2019-01-14,0.312333333333333,"Mbogiti(T)",2019-01-14,3,1,2019
2019-01-15,0.3116875,"Mbogiti(T)",2019-01-15,3,2,2019
2019-01-16,0.310333333333333,"Mbogiti(T)",2019-01-16,3,3,2019
2019-01-17,0.308666666666667,"Mbogiti(T)",2019-01-17,3,4,2019
2019-01-18,0.3083125,"Mbogiti(T)",2019-01-18,3,5,2019
2019-01-19,0.307708333333333,"Mbogiti(T)",2019-01-19,3,6,2019
2019-01-20,0.305479166666667,"Mbogiti(T)",2019-01-20,3,0,2019
2019-01-21,0.303083333333333,"Mbogiti(T)",2019-01-21,4,1,2019
2019-01-22,0.302041666666667,"Mbogiti(T)",2019-01-22,4,2,2019
2019-01-23,0.298416666666667,"Mbogiti(T)",2019-01-23,4,3,2019
2019-01-24,0.297104166666667,"Mbogiti(T)",2019-01-24,4,4,2019
2019-01-25,0.308354166666667,"Mbogiti(T)",2019-01-25,4,5,2019
2019-01-26,0.308395833333333,"Mbogiti(T)",2019-01-26,4,6,2019
2019-01-27,0.307291666666667,"Mbogiti(T)",2019-01-27,4,0,2019
2019-01-28,0.305958333333333,"Mbogiti(T)",2019-01-28,5,1,2019
2019-01-29,0.304270833333333,"Mbogiti(T)",2019-01-29,5,2,2019
2019-01-30,0.304583333333333,"Mbogiti(T)",2019-01-30,5,3,2019
2019-01-31,0.306895833333333,"Mbogiti(T)",2019-01-31,5,4,2019
2019-02-01,0.305625,"Mbogiti(T)",2019-02-01,5,5,2019
2019-02-02,0.3071875,"Mbogiti(T)",2019-02-02,5,6,2019
2019-02-03,0.308791666666667,"Mbogiti(T)",2019-02-03,5,0,2019
2019-02-04,0.306833333333333,"Mbogiti(T)",2019-02-04,6,1,2019
2019-02-05,0.3063125,"Mbogiti(T)",2019-02-05,6,2,2019
2019-02-06,0.30625,"Mbogiti(T)",2019-02-06,6,3,2019
2019-02-07,0.306125,"Mbogiti(T)",2019-02-07,6,4,2019
2019-02-08,0.302770833333333,"Mbogiti(T)",2019-02-08,6,5,2019
2019-02-09,0.3090625,"Mbogiti(T)",2019-02-09,6,6,2019
2019-02-10,0.309666666666667,"Mbogiti(T)",2019-02-10,6,0,2019
2019-02-11,0.308791666666667,"Mbogiti(T)",2019-02-11,7,1,2019
2019-02-12,0.307083333333333,"Mbogiti(T)",2019-02-12,7,2,2019
2019-02-13,0.305583333333333,"Mbogiti(T)",2019-02-13,7,3,2019
2019-02-14,0.306,"Mbogiti(T)",2019-02-14,7,4,2019
2019-02-15,0.3079375,"Mbogiti(T)",2019-02-15,7,5,2019
2019-02-16,0.3101875,"Mbogiti(T)",2019-02-16,7,6,2019
2019-02-17,0.3161875,"Mbogiti(T)",2019-02-17,7,0,2019
2019-02-18,0.312458333333333,"Mbogiti(T)",2019-02-18,8,1,2019
2019-02-19,0.310270833333333,"Mbogiti(T)",2019-02-19,8,2,2019
2019-02-20,0.357145833333333,"Mbogiti(T)",2019-02-20,8,3,2019
2019-02-21,0.41575,"Mbogiti(T)",2019-02-21,8,4,2019
2019-02-22,0.408166666666667,"Mbogiti(T)",2019-02-22,8,5,2019
2019-02-23,0.4058125,"Mbogiti(T)",2019-02-23,8,6,2019
2019-02-24,0.391958333333333,"Mbogiti(T)",2019-02-24,8,0,2019
2019-02-25,0.382625,"Mbogiti(T)",2019-02-25,9,1,2019
2019-02-26,0.381166666666667,"Mbogiti(T)",2019-02-26,9,2,2019
2019-02-27,0.376854166666667,"Mbogiti(T)",2019-02-27,9,3,2019
2019-02-28,0.3758125,"Mbogiti(T)",2019-02-28,9,4,2019
2019-03-01,0.375666666666667,"Mbogiti(T)",2019-03-01,9,5,2019
2019-03-02,0.371979166666667,"Mbogiti(T)",2019-03-02,9,6,2019
2019-03-03,0.374125,"Mbogiti(T)",2019-03-03,9,0,2019
2019-03-04,0.363333333333333,"Mbogiti(T)",2019-03-04,10,1,2019
2019-03-05,0.3499375,"Mbogiti(T)",2019-03-05,10,2,2019
2019-03-06,0.343458333333333,"Mbogiti(T)",2019-03-06,10,3,2019
2019-03-07,0.3433125,"Mbogiti(T)",2019-03-07,10,4,2019
2019-03-08,0.341270833333333,"Mbogiti(T)",2019-03-08,10,5,2019
2019-03-09,0.3394375,"Mbogiti(T)",2019-03-09,10,6,2019
2019-03-10,0.338708333333333,"Mbogiti(T)",2019-03-10,10,0,2019
2019-03-11,0.337083333333333,"Mbogiti(T)",2019-03-11,11,1,2019
2019-03-12,0.336458333333333,"Mbogiti(T)",2019-03-12,11,2,2019
2019-03-13,0.336375,"Mbogiti(T)",2019-03-13,11,3,2019
2019-03-14,0.3345625,"Mbogiti(T)",2019-03-14,11,4,2019
2019-03-15,0.332395833333333,"Mbogiti(T)",2019-03-15,11,5,2019
2019-03-16,0.334708333333333,"Mbogiti(T)",2019-03-16,11,6,2019
2019-03-17,0.337208333333333,"Mbogiti(T)",2019-03-17,11,0,2019
2019-03-18,0.337958333333333,"Mbogiti(T)",2019-03-18,12,1,2019
2019-03-19,0.338208333333333,"Mbogiti(T)",2019-03-19,12,2,2019
2019-03-20,0.3405,"Mbogiti(T)",2019-03-20,12,3,2019
2019-03-21,0.340708333333333,"Mbogiti(T)",2019-03-21,12,4,2019
2019-03-22,0.340354166666667,"Mbogiti(T)",2019-03-22,12,5,2019
2019-03-23,0.339166666666667,"Mbogiti(T)",2019-03-23,12,6,2019
2019-03-24,0.341583333333333,"Mbogiti(T)",2019-03-24,12,0,2019
2019-03-25,0.339791666666667,"Mbogiti(T)",2019-03-25,13,1,2019
2019-03-26,0.340208333333333,"Mbogiti(T)",2019-03-26,13,2,2019
2019-03-27,0.3358125,"Mbogiti(T)",2019-03-27,13,3,2019
2019-03-28,0.355270833333333,"Mbogiti(T)",2019-03-28,13,4,2019
2019-03-29,0.340541666666667,"Mbogiti(T)",2019-03-29,13,5,2019
2019-03-30,0.334291666666667,"Mbogiti(T)",2019-03-30,13,6,2019
2019-03-31,0.3355625,"Mbogiti(T)",2019-03-31,13,0,2019
2019-04-01,0.336,"Mbogiti(T)",2019-04-01,14,1,2019
2019-04-02,0.334458333333333,"Mbogiti(T)",2019-04-02,14,2,2019
2019-04-03,0.334833333333333,"Mbogiti(T)",2019-04-03,14,3,2019
2019-04-04,0.333145833333333,"Mbogiti(T)",2019-04-04,14,4,2019
2019-04-05,0.336145833333333,"Mbogiti(T)",2019-04-05,14,5,2019
2019-04-06,0.332666666666667,"Mbogiti(T)",2019-04-06,14,6,2019
2019-04-07,0.3338125,"Mbogiti(T)",2019-04-07,14,0,2019
2019-04-08,0.331916666666667,"Mbogiti(T)",2019-04-08,15,1,2019
2019-04-09,0.333354166666667,"Mbogiti(T)",2019-04-09,15,2,2019
2019-04-10,0.332416666666667,"Mbogiti(T)",2019-04-10,15,3,2019
2019-04-11,0.331291666666667,"Mbogiti(T)",2019-04-11,15,4,2019
2019-04-12,0.329125,"Mbogiti(T)",2019-04-12,15,5,2019
2019-04-13,0.3345,"Mbogiti(T)",2019-04-13,15,6,2019
2019-04-14,0.340354166666667,"Mbogiti(T)",2019-04-14,15,0,2019
2019-04-15,0.3379375,"Mbogiti(T)",2019-04-15,16,1,2019
2019-04-16,0.335333333333333,"Mbogiti(T)",2019-04-16,16,2,2019
2019-04-17,0.332583333333333,"Mbogiti(T)",2019-04-17,16,3,2019
2019-04-18,0.3325,"Mbogiti(T)",2019-04-18,16,4,2019
2019-04-19,0.336520833333333,"Mbogiti(T)",2019-04-19,16,5,2019
2019-04-20,0.3295,"Mbogiti(T)",2019-04-20,16,6,2019
2019-04-21,0.329020833333333,"Mbogiti(T)",2019-04-21,16,0,2019
2019-04-22,0.350708333333333,"Mbogiti(T)",2019-04-22,17,1,2019
2019-04-23,0.345291666666667,"Mbogiti(T)",2019-04-23,17,2,2019
2019-04-24,0.3165,"Mbogiti(T)",2019-04-24,17,3,2019
2019-04-25,0.3128125,"Mbogiti(T)",2019-04-25,17,4,2019
2019-04-26,0.3179375,"Mbogiti(T)",2019-04-26,17,5,2019
2019-04-27,0.3153125,"Mbogiti(T)",2019-04-27,17,6,2019
2019-04-28,0.305229166666667,"Mbogiti(T)",2019-04-28,17,0,2019
2019-04-29,0.302291666666667,"Mbogiti(T)",2019-04-29,18,1,2019
2019-04-30,0.2995625,"Mbogiti(T)",2019-04-30,18,2,2019
2019-05-01,0.294958333333333,"Mbogiti(T)",2019-05-01,18,3,2019
2019-05-02,0.291520833333333,"Mbogiti(T)",2019-05-02,18,4,2019
2019-05-03,0.305270833333333,"Mbogiti(T)",2019-05-03,18,5,2019
2019-05-04,0.328479166666667,"Mbogiti(T)",2019-05-04,18,6,2019
2019-05-05,0.337791666666667,"Mbogiti(T)",2019-05-05,18,0,2019
2019-05-06,0.314854166666667,"Mbogiti(T)",2019-05-06,19,1,2019
2019-05-07,0.3081875,"Mbogiti(T)",2019-05-07,19,2,2019
2019-05-08,0.356375,"Mbogiti(T)",2019-05-08,19,3,2019
2019-05-09,0.331708333333333,"Mbogiti(T)",2019-05-09,19,4,2019
2019-05-10,0.357645833333333,"Mbogiti(T)",2019-05-10,19,5,2019
2019-05-11,0.349708333333333,"Mbogiti(T)",2019-05-11,19,6,2019
2019-05-12,0.332375,"Mbogiti(T)",2019-05-12,19,0,2019
2019-05-13,0.3305,"Mbogiti(T)",2019-05-13,20,1,2019
2019-05-14,0.3235,"Mbogiti(T)",2019-05-14,20,2,2019
2019-05-15,0.316666666666667,"Mbogiti(T)",2019-05-15,20,3,2019
2019-05-16,0.3125,"Mbogiti(T)",2019-05-16,20,4,2019
2019-05-17,0.316229166666667,"Mbogiti(T)",2019-05-17,20,5,2019
2019-05-18,0.347895833333333,"Mbogiti(T)",2019-05-18,20,6,2019
2019-05-19,0.3419375,"Mbogiti(T)",2019-05-19,20,0,2019
2019-05-20,0.3284375,"Mbogiti(T)",2019-05-20,21,1,2019
2019-05-21,0.321145833333333,"Mbogiti(T)",2019-05-21,21,2,2019
2019-05-22,0.318604166666667,"Mbogiti(T)",2019-05-22,21,3,2019
2019-05-23,0.344583333333333,"Mbogiti(T)",2019-05-23,21,4,2019
2019-05-24,0.353125,"Mbogiti(T)",2019-05-24,21,5,2019
2019-05-25,0.336,"Mbogiti(T)",2019-05-25,21,6,2019
2019-05-26,0.337791666666667,"Mbogiti(T)",2019-05-26,21,0,2019
2019-05-27,0.339666666666667,"Mbogiti(T)",2019-05-27,22,1,2019
2019-05-28,0.336104166666667,"Mbogiti(T)",2019-05-28,22,2,2019
2019-05-29,0.3319375,"Mbogiti(T)",2019-05-29,22,3,2019
2019-05-30,0.341020833333333,"Mbogiti(T)",2019-05-30,22,4,2019
2019-05-31,0.334916666666667,"Mbogiti(T)",2019-05-31,22,5,2019
2019-06-01,0.332066666666667,"Mbogiti(T)",2019-06-01,22,6,2019
2019-07-24,0.264785714285714,"Mbogiti(T)",2019-07-24,30,3,2019
2019-07-25,0.264520833333333,"Mbogiti(T)",2019-07-25,30,4,2019
2019-07-26,0.2606875,"Mbogiti(T)",2019-07-26,30,5,2019
2019-07-27,0.2626875,"Mbogiti(T)",2019-07-27,30,6,2019
2019-07-28,0.264041666666667,"Mbogiti(T)",2019-07-28,30,0,2019
2019-07-29,0.26675,"Mbogiti(T)",2019-07-29,31,1,2019
2019-07-30,0.276729166666667,"Mbogiti(T)",2019-07-30,31,2,2019
2019-07-31,0.279604166666667,"Mbogiti(T)",2019-07-31,31,3,2019
2019-08-01,0.283583333333333,"Mbogiti(T)",2019-08-01,31,4,2019
2019-08-02,0.272583333333333,"Mbogiti(T)",2019-08-02,31,5,2019
2019-08-03,0.274020833333333,"Mbogiti(T)",2019-08-03,31,6,2019
2019-08-04,0.27025,"Mbogiti(T)",2019-08-04,31,0,2019
2019-08-05,0.266458333333333,"Mbogiti(T)",2019-08-05,32,1,2019
2019-08-06,0.264083333333333,"Mbogiti(T)",2019-08-06,32,2,2019
2019-08-07,0.266125,"Mbogiti(T)",2019-08-07,32,3,2019
2019-08-08,0.2668125,"Mbogiti(T)",2019-08-08,32,4,2019
2019-08-09,0.2634375,"Mbogiti(T)",2019-08-09,32,5,2019
2019-08-10,0.2624375,"Mbogiti(T)",2019-08-10,32,6,2019
2019-08-11,0.2635625,"Mbogiti(T)",2019-08-11,32,0,2019
2019-08-12,0.26675,"Mbogiti(T)",2019-08-12,33,1,2019
2019-08-13,0.267791666666667,"Mbogiti(T)",2019-08-13,33,2,2019
2019-08-14,0.268145833333333,"Mbogiti(T)",2019-08-14,33,3,2019
2019-08-15,0.264520833333333,"Mbogiti(T)",2019-08-15,33,4,2019
2019-08-16,0.267333333333333,"Mbogiti(T)",2019-08-16,33,5,2019
2019-08-17,0.268229166666667,"Mbogiti(T)",2019-08-17,33,6,2019
2019-08-18,0.267229166666667,"Mbogiti(T)",2019-08-18,33,0,2019
2019-08-19,0.2695,"Mbogiti(T)",2019-08-19,34,1,2019
2019-08-20,0.268604166666667,"Mbogiti(T)",2019-08-20,34,2,2019
2019-08-21,0.268229166666667,"Mbogiti(T)",2019-08-21,34,3,2019
2019-08-22,0.266875,"Mbogiti(T)",2019-08-22,34,4,2019
2019-08-23,0.2661875,"Mbogiti(T)",2019-08-23,34,5,2019
2019-08-24,0.268791666666667,"Mbogiti(T)",2019-08-24,34,6,2019
2019-08-25,0.289333333333333,"Mbogiti(T)",2019-08-25,34,0,2019
2019-08-26,0.273708333333333,"Mbogiti(T)",2019-08-26,35,1,2019
2019-08-27,0.265833333333333,"Mbogiti(T)",2019-08-27,35,2,2019
2019-08-28,0.269375,"Mbogiti(T)",2019-08-28,35,3,2019
2019-08-29,0.27025,"Mbogiti(T)",2019-08-29,35,4,2019
2019-08-30,0.267229166666667,"Mbogiti(T)",2019-08-30,35,5,2019
2019-08-31,0.2659375,"Mbogiti(T)",2019-08-31,35,6,2019
2019-09-01,0.266020833333333,"Mbogiti(T)",2019-09-01,35,0,2019
2019-09-02,0.2630625,"Mbogiti(T)",2019-09-02,36,1,2019
2019-09-03,0.260645833333333,"Mbogiti(T)",2019-09-03,36,2,2019
2019-09-04,0.2603125,"Mbogiti(T)",2019-09-04,36,3,2019
2019-09-05,0.262666666666667,"Mbogiti(T)",2019-09-05,36,4,2019
2019-09-06,0.263729166666667,"Mbogiti(T)",2019-09-06,36,5,2019
2019-09-07,0.267979166666667,"Mbogiti(T)",2019-09-07,36,6,2019
2019-09-08,0.267958333333333,"Mbogiti(T)",2019-09-08,36,0,2019
2019-09-09,0.2641875,"Mbogiti(T)",2019-09-09,37,1,2019
2019-09-10,0.260770833333333,"Mbogiti(T)",2019-09-10,37,2,2019
2019-09-11,0.261291666666667,"Mbogiti(T)",2019-09-11,37,3,2019
2019-09-12,0.275666666666667,"Mbogiti(T)",2019-09-12,37,4,2019
2019-09-13,0.277958333333333,"Mbogiti(T)",2019-09-13,37,5,2019
2019-09-14,0.269583333333333,"Mbogiti(T)",2019-09-14,37,6,2019
2019-09-15,0.271645833333333,"Mbogiti(T)",2019-09-15,37,0,2019
2019-09-16,0.2748125,"Mbogiti(T)",2019-09-16,38,1,2019
2019-09-17,0.269458333333333,"Mbogiti(T)",2019-09-17,38,2,2019
2019-09-18,0.262770833333333,"Mbogiti(T)",2019-09-18,38,3,2019
2019-09-19,0.262166666666667,"Mbogiti(T)",2019-09-19,38,4,2019
2019-09-20,0.261770833333333,"Mbogiti(T)",2019-09-20,38,5,2019
2019-09-21,0.260520833333333,"Mbogiti(T)",2019-09-21,38,6,2019
2019-09-22,0.2568125,"Mbogiti(T)",2019-09-22,38,0,2019
2019-09-23,0.254916666666667,"Mbogiti(T)",2019-09-23,39,1,2019
2019-09-24,0.255145833333333,"Mbogiti(T)",2019-09-24,39,2,2019
2019-09-25,0.2583125,"Mbogiti(T)",2019-09-25,39,3,2019
2019-09-26,0.257125,"Mbogiti(T)",2019-09-26,39,4,2019
2019-09-27,0.254416666666667,"Mbogiti(T)",2019-09-27,39,5,2019
2019-09-28,0.248291666666667,"Mbogiti(T)",2019-09-28,39,6,2019
2019-09-29,0.24575,"Mbogiti(T)",2019-09-29,39,0,2019
2019-09-30,0.244604166666667,"Mbogiti(T)",2019-09-30,40,1,2019
2019-10-01,0.241270833333333,"Mbogiti(T)",2019-10-01,40,2,2019
2019-10-02,0.2376875,"Mbogiti(T)",2019-10-02,40,3,2019
2019-10-03,0.2895625,"Mbogiti(T)",2019-10-03,40,4,2019
2019-10-04,0.263395833333333,"Mbogiti(T)",2019-10-04,40,5,2019
2019-10-05,0.260166666666667,"Mbogiti(T)",2019-10-05,40,6,2019
2019-10-06,0.269104166666667,"Mbogiti(T)",2019-10-06,40,0,2019
2019-10-07,0.291375,"Mbogiti(T)",2019-10-07,41,1,2019
2019-10-08,0.264229166666667,"Mbogiti(T)",2019-10-08,41,2,2019
2019-10-09,0.283333333333333,"Mbogiti(T)",2019-10-09,41,3,2019
2019-10-10,0.314208333333333,"Mbogiti(T)",2019-10-10,41,4,2019
2019-10-11,0.338770833333333,"Mbogiti(T)",2019-10-11,41,5,2019
2019-10-12,0.331666666666667,"Mbogiti(T)",2019-10-12,41,6,2019
2019-10-13,0.309333333333333,"Mbogiti(T)",2019-10-13,41,0,2019
2019-10-14,0.316125,"Mbogiti(T)",2019-10-14,42,1,2019
2019-10-15,0.304895833333333,"Mbogiti(T)",2019-10-15,42,2,2019
2019-10-16,0.346875,"Mbogiti(T)",2019-10-16,42,3,2019
2019-10-17,0.365875,"Mbogiti(T)",2019-10-17,42,4,2019
2019-10-18,0.396375,"Mbogiti(T)",2019-10-18,42,5,2019
2019-10-19,0.432604166666667,"Mbogiti(T)",2019-10-19,42,6,2019
2019-10-20,0.40775,"Mbogiti(T)",2019-10-20,42,0,2019
2019-10-21,0.400083333333333,"Mbogiti(T)",2019-10-21,43,1,2019
2019-10-22,0.398291666666667,"Mbogiti(T)",2019-10-22,43,2,2019
2019-10-23,0.414958333333333,"Mbogiti(T)",2019-10-23,43,3,2019
2019-10-24,0.4279375,"Mbogiti(T)",2019-10-24,43,4,2019
2019-10-25,0.407041666666667,"Mbogiti(T)",2019-10-25,43,5,2019
2019-10-26,0.423166666666667,"Mbogiti(T)",2019-10-26,43,6,2019
2019-10-27,0.419854166666667,"Mbogiti(T)",2019-10-27,43,0,2019
2019-10-28,0.424229166666667,"Mbogiti(T)",2019-10-28,44,1,2019
2019-10-29,0.425541666666667,"Mbogiti(T)",2019-10-29,44,2,2019
2019-10-30,0.445958333333333,"Mbogiti(T)",2019-10-30,44,3,2019
2019-10-31,0.427458333333333,"Mbogiti(T)",2019-10-31,44,4,2019
2019-11-01,0.45,"Mbogiti(T)",2019-11-01,44,5,2019
2019-11-02,0.4355625,"Mbogiti(T)",2019-11-02,44,6,2019
2019-11-03,0.440104166666667,"Mbogiti(T)",2019-11-03,44,0,2019
2019-11-04,0.463854166666667,"Mbogiti(T)",2019-11-04,45,1,2019
2019-11-05,0.442083333333333,"Mbogiti(T)",2019-11-05,45,2,2019
2019-11-06,0.4416875,"Mbogiti(T)",2019-11-06,45,3,2019
2019-11-07,0.442416666666667,"Mbogiti(T)",2019-11-07,45,4,2019
2019-11-08,0.443208333333333,"Mbogiti(T)",2019-11-08,45,5,2019
2019-11-09,0.444833333333333,"Mbogiti(T)",2019-11-09,45,6,2019
2019-11-10,0.447416666666667,"Mbogiti(T)",2019-11-10,45,0,2019
2019-11-11,0.450479166666667,"Mbogiti(T)",2019-11-11,46,1,2019
2019-11-12,0.452770833333333,"Mbogiti(T)",2019-11-12,46,2,2019
2019-11-13,0.456729166666667,"Mbogiti(T)",2019-11-13,46,3,2019
2019-11-14,0.448833333333333,"Mbogiti(T)",2019-11-14,46,4,2019
2019-11-15,0.4436875,"Mbogiti(T)",2019-11-15,46,5,2019
2019-11-16,0.435645833333333,"Mbogiti(T)",2019-11-16,46,6,2019
2019-11-17,0.432083333333333,"Mbogiti(T)",2019-11-17,46,0,2019
2019-11-18,0.428604166666667,"Mbogiti(T)",2019-11-18,47,1,2019
2019-11-19,0.424145833333333,"Mbogiti(T)",2019-11-19,47,2,2019
2019-11-20,0.445020833333333,"Mbogiti(T)",2019-11-20,47,3,2019
2019-11-21,0.4336875,"Mbogiti(T)",2019-11-21,47,4,2019
2019-11-22,0.495395833333333,"Mbogiti(T)",2019-11-22,47,5,2019
2019-11-23,0.493,"Mbogiti(T)",2019-11-23,47,6,2019
2019-11-24,0.4631875,"Mbogiti(T)",2019-11-24,47,0,2019
2019-11-25,0.476875,"Mbogiti(T)",2019-11-25,48,1,2019
2019-11-26,0.484666666666667,"Mbogiti(T)",2019-11-26,48,2,2019
2019-11-27,0.4799375,"Mbogiti(T)",2019-11-27,48,3,2019
2019-11-28,0.502520833333333,"Mbogiti(T)",2019-11-28,48,4,2019
2019-11-29,0.554583333333333,"Mbogiti(T)",2019-11-29,48,5,2019
2019-11-30,0.533020833333333,"Mbogiti(T)",2019-11-30,48,6,2019
2019-12-01,0.572854166666667,"Mbogiti(T)",2019-12-01,48,0,2019
2019-12-02,0.579645833333333,"Mbogiti(T)",2019-12-02,49,1,2019
2019-12-03,0.6293125,"Mbogiti(T)",2019-12-03,49,2,2019
2019-12-04,0.673729166666667,"Mbogiti(T)",2019-12-04,49,3,2019
2019-12-05,0.715,"Mbogiti(T)",2019-12-05,49,4,2019
2019-12-06,0.729604166666667,"Mbogiti(T)",2019-12-06,49,5,2019
2019-12-07,0.685791666666667,"Mbogiti(T)",2019-12-07,49,6,2019
2019-12-08,0.654520833333333,"Mbogiti(T)",2019-12-08,49,0,2019
2019-12-09,0.612416666666667,"Mbogiti(T)",2019-12-09,50,1,2019
2019-12-10,0.617958333333333,"Mbogiti(T)",2019-12-10,50,2,2019
2019-12-11,0.554729166666667,"Mbogiti(T)",2019-12-11,50,3,2019
2019-12-12,0.551604166666667,"Mbogiti(T)",2019-12-12,50,4,2019
2019-12-13,0.551979166666667,"Mbogiti(T)",2019-12-13,50,5,2019
2019-12-14,0.554583333333333,"Mbogiti(T)",2019-12-14,50,6,2019
2019-12-15,0.535375,"Mbogiti(T)",2019-12-15,50,0,2019
2019-12-16,0.518416666666667,"Mbogiti(T)",2019-12-16,51,1,2019
2019-12-17,0.503583333333333,"Mbogiti(T)",2019-12-17,51,2,2019
2019-12-18,0.498958333333333,"Mbogiti(T)",2019-12-18,51,3,2019
2019-12-19,0.473416666666667,"Mbogiti(T)",2019-12-19,51,4,2019
2019-12-20,0.462416666666667,"Mbogiti(T)",2019-12-20,51,5,2019
2019-12-21,0.464708333333333,"Mbogiti(T)",2019-12-21,51,6,2019
2019-12-22,0.463041666666667,"Mbogiti(T)",2019-12-22,51,0,2019
2019-12-23,0.469020833333333,"Mbogiti(T)",2019-12-23,52,1,2019
2019-12-24,0.450583333333333,"Mbogiti(T)",2019-12-24,52,2,2019
2019-12-25,0.442208333333333,"Mbogiti(T)",2019-12-25,52,3,2019
2019-12-26,0.473354166666667,"Mbogiti(T)",2019-12-26,52,4,2019
2019-12-27,0.472083333333333,"Mbogiti(T)",2019-12-27,52,5,2019
2019-12-28,0.4861875,"Mbogiti(T)",2019-12-28,52,6,2019
2019-12-29,0.494458333333333,"Mbogiti(T)",2019-12-29,52,0,2019
2019-12-30,0.521041666666667,"Mbogiti(T)",2019-12-30,1,1,2019
2019-12-31,0.526020833333333,"Mbogiti(T)",2019-12-31,1,2,2019
2020-01-01,0.5296875,"Mbogiti(T)",2020-01-01,1,3,2020
2020-01-02,0.527333333333333,"Mbogiti(T)",2020-01-02,1,4,2020
2020-01-03,0.5198125,"Mbogiti(T)",2020-01-03,1,5,2020
2020-01-04,0.513416666666667,"Mbogiti(T)",2020-01-04,1,6,2020
2020-01-05,0.499104166666667,"Mbogiti(T)",2020-01-05,1,0,2020
2020-01-06,0.487291666666667,"Mbogiti(T)",2020-01-06,2,1,2020
2020-01-07,0.480416666666667,"Mbogiti(T)",2020-01-07,2,2,2020
2020-01-08,0.4734375,"Mbogiti(T)",2020-01-08,2,3,2020
2020-01-09,0.462520833333333,"Mbogiti(T)",2020-01-09,2,4,2020
2020-01-10,0.451875,"Mbogiti(T)",2020-01-10,2,5,2020
2020-01-11,0.43075,"Mbogiti(T)",2020-01-11,2,6,2020
2020-01-12,0.431854166666667,"Mbogiti(T)",2020-01-12,2,0,2020
2020-01-13,0.4551875,"Mbogiti(T)",2020-01-13,3,1,2020
2020-01-14,0.434895833333333,"Mbogiti(T)",2020-01-14,3,2,2020
2020-01-15,0.416484848484848,"Mbogiti(T)",2020-01-15,3,3,2020
